"자치구","안심 주소","CCTV 용도","위도","경도","CCTV 수량","수정 일시"
"용산구","(보광로25길 5 이레공인중개사 안쪽 골목)","방범","37.52835","126.998403","1","2021-10-28"
"용산구","(이태원동 241-2 가야랑 버스승차장 앞)","불법주정차","37.540205","126.994017","3","2021-10-28"
"용산구","(보광로25길 5 (보광동 231-122) 이레공인중개사 안쪽 골목)","방범","37.52835","126.998403","1","2021-10-28"
"용산구","(용산2가동 1-460 (후암동 409-54))","미세먼지","37.546944","126.983996","1","2019-12-12"
"용산구","((이촌동) 삼성렉스아파트)","도심공원","37.517434","126.981411","4","2019-12-12"
"용산구","(이촌동 429 사촌소공원)","도심공원","37.520706","126.970645","1","2019-12-12"
"용산구","(이촌동 408 강변공원)","도심공원","37.521536","126.975222","1","2019-12-12"
"용산구","(LG U+ 사옥 옆 공원)","도심공원","37.524167","126.963536","1","2019-12-12"
"용산구","가(LG U+ 사옥 옆 공원)","도심공원","37.524205","126.963461","1","2019-12-12"
"용산구","나(LG U+ 사옥 옆 공원)","도심공원","37.524205","126.963461","1","2019-12-12"
"용산구","(이촌동 206-1 새싹 어린이집 앞 공원)","도심공원","37.526856","126.954504","2","2019-12-12"
"용산구","(보광동 231-17 달맞이 어린이공원)","도심공원","37.528031","126.998009","1","2019-12-12"
"용산구","(보광동 231-17 달맞이어린이공원)","도심공원","37.528031","126.998009","1","2019-12-12"
"용산구","(원효로4가 87-2 문화원정자마당)","도심공원","37.533638","126.951915","1","2019-12-12"
"용산구","(용산동3가 1-96 삼각지 어린이공원내)","도심공원","37.534293","126.975650","2","2019-12-12"
"용산구","(원효로3가 1-139 원효어린이집 앞 늘푸른공원내)","도심공원","37.534791","126.95667539","2","2019-12-12"
"용산구","(이태원동 191-3 이태원부군당역사공원내)","도심공원","37.536002","126.989697","5","2019-12-12"
"용산구","(한남동 738-9 어린이놀이터)","도심공원","37.536565","126.999530","1","2019-12-12"
"용산구","(한남동 738-9 어린이놀이터)","도심공원","37.536631","126.999567","1","2019-12-12"
"용산구","(문배동 24-1 문배어린이공원)","도심공원","37.536743","126.969824","1","2019-12-12"
"용산구","(도원동21 도원어린이공원)","도심공원","37.537060","126.954373","1","2019-12-12"
"용산구","(이태원동 286-1 이태원어린이공원)","도심공원","37.537975","126.989215","3","2019-12-12"
"용산구","(이태원동 286-1 이태원어린이공원)","도심공원","37.538209","126.989052","1","2019-12-12"
"용산구","(KCC(달님공원))","도심공원","37.538257","126.969565","1","2019-12-12"
"용산구","(문배동 7-32 달님공원내 이안아파트 출입구 공원등1)","도심공원","37.538298","126.969637","1","2019-12-12"
"용산구","(KCC(달님공원))","도심공원","37.538320","126.969517","1","2019-12-12"
"용산구","(문배동 7-32 달님공원내 쉼터 옆 공원등2)","도심공원","37.538413","126.969561","1","2019-12-12"
"용산구","(문배동 7-32 달님공원내 입구 공원등3)","도심공원","37.538504","126.969537","1","2019-12-12"
"용산구","(원효로1가 119-2 해님공원내 도로 입구)","도심공원","37.539321","126.970091","1","2019-12-12"
"용산구","(원효로1가 119-2 해님공원내 쉼터 옆)","도심공원","37.539335","126.969993","1","2019-12-12"
"용산구","(원효로1가 119-2 해님공원내 이안아파트 출입구)","도심공원","37.5393427","126.970065","1","2019-12-12"
"용산구","(원효로1가 119-2 해님공원내 더프라임아파트 입구 공원등)","도심공원","37.539362","126.970014","1","2019-12-12"
"용산구","(이태원동 258-467 라틴아메리카공원)","도심공원","37.540678","126.997142","1","2019-12-12"
"용산구","(이태원동 260-87 이태원마을숲소공원)","도심공원","37.541284","126.991633","1","2019-12-12"
"용산구","(청파동 119-12 돌모루 어린이 공원입구)","도심공원","37.542752","126.968315","2","2019-12-12"
"용산구","(청파동 119-4 돌모루 어린이 공원내)","도심공원","37.542946","126.968664","4","2019-12-12"
"용산구","(용산동2가 1-1923 남산3호터널 지하보도 내려가는길)","도심공원","37.543297","126.988605","1","2019-12-12"
"용산구","(용산동2가 1-1923 용암초교 앞 마을마당)","도심공원","37.543431","126.988728","1","2019-12-12"
"용산구","(청파3가 117-1 선린공원게이트볼장)","도심공원","37.543558","126.966096","1","2019-12-12"
"용산구","(청파3가 117-1 선린공원산책로)","도심공원","37.543558","126.966096","1","2019-12-12"
"용산구","(용산동2가 1-1414 후암동 외국인학교 옆 공원)","도심공원","37.545013","126.984425","3","2019-12-12"
"용산구","(용산동2가 1-1414 후암동 외국인학교 옆 공원)","도심공원","37.545252","126.984445","1","2019-12-12"
"용산구","(용산동2가 5-1647 소월길 주민쉼터)","도심공원","37.545593","126.987729","1","2019-12-12"
"용산구","(후암로13가길 25 새나라공원)","도심공원","37.548053","126.976501","3","2019-12-12"
"용산구","(후암로13가길 25 새나라공원)","도심공원","37.548155","126.976278","4","2019-12-12"
"용산구","(동자동 24-11 (한강대로104길 30-4))","도심공원","37.550132","126.973862","1","2019-12-12"
"용산구","(만리재로24가길 11)","도심공원","37.551337","126.964505","2","2019-12-12"
"용산구","(서계동 276-7 서계가로공원)","도심공원","37.551345","126.964234","1","2019-12-12"
"용산구","(동자동 18-58 센트리빌아파트 공원내(두텁바위어린이공원))","도심공원","37.551957","126.973237","1","2019-12-12"
"용산구","(동자동 14-103 센트리빌아파트 공원내(두텁바위어린이공원))","도심공원","37.551992","126.972829","1","2019-12-12"
"용산구","(동자동 18-21 센트리빌아파트 공원내(두텁바위어린이공원))","도심공원","37.552277","126.974387","1","2019-12-12"
"용산구","(새꿈어린이공원)","도심공원","37.552277","126.974387","2","2019-12-12"
"용산구","(동자동 8-3 새꿈공원앞 하단부)","도심공원","37.552417","126.974189","2","2019-12-12"
"용산구","(청파 어린이공원안)","도심공원","37.553575","126.968031","2","2019-12-12"
"용산구","(청파어린이공원안)","도심공원","37.553826","126.967741","1","2019-12-12"
"용산구","(용산동6가 69-163 이촌지하보도 입구)","방범","37.517098","126.983527","1","2019-12-12"
"용산구","(서빙고동 241-21 신동아아파트 후문)","방범","37.517315","126.989508","1","2019-12-12"
"용산구","(서빙고동241-21 신동아아파트 후문)","방범","37.517315","126.989508","1","2019-12-12"
"용산구","(이촌동 300-10 점보아파트 뒤 주차장 중간)","방범","37.517632","126.979170","1","2019-12-12"
"용산구","(용산동6가 69-163 쌍용양회전시장 옆 공원)","방범","37.517662","126.983612","2","2019-12-12"
"용산구","(용산동6가 69-163 쌍용종합전시관 옆 공원)","방범","37.517662","126.983612","1","2019-12-12"
"용산구","(용산동6가 69-11 이촌지하보도 내)","방범","37.517756","126.983184","3","2019-12-12"
"용산구","(이촌동 300-10 점보아파트 후문 경비초소 옆)","방범","37.517838","126.978534","1","2019-12-12"
"용산구","(이촌동 301-163 금강아산병원 앞)","방범","37.517846","126.981559","1","2019-12-12"
"용산구","(이촌동 301-176 동작대교 밑 (반도 앞))","방범","37.517886","126.982848","1","2019-12-12"
"용산구","18차 (이촌동 301-176 동작대교 밑 (반도 앞))","방범","37.517886","126.982848","1","2019-12-12"
"용산구","(서빙고동 241-96 온누리교회 입구)","방범","37.517889","126.985426","1","2019-12-12"
"용산구","(용산동6가 69-11 동작대교 밑 주차장 내)","방범","37.517945","126.98307","1","2019-12-12"
"용산구","(용산동6가 69-11 동작대교 밑 주차장 내)","방범","37.517945","126.98307","3","2019-12-12"
"용산구","(이촌동 301-2 왕궁맨션 1동 정문 앞)","방범","37.518019","126.977997","1","2019-12-12"
"용산구","(이촌동 300-10 신한은행 앞)","방범","37.518213","126.979097","1","2019-12-12"
"용산구","(이촌동 300-10 신한은행 앞)","방범","37.518213","126.979097","1","2019-12-12"
"용산구","(이촌동 402 강촌아파트 101동 앞)","방범","37.518925","126.977080","1","2019-12-12"
"용산구","(이촌동 301-61 현대아파트 110동 놀이터 앞)","방범","37.518955","126.979465","2","2019-12-12"
"용산구","(서빙고동 241-5 서빙고역 육교)","방범","37.518981","126.989554","1","2019-12-12"
"용산구","(이촌동 300-166 한강맨션 15동 옆)","방범","37.519115","126.971749","1","2019-12-12"
"용산구","(이촌동 403 강촌아파트 105동 옆)","방범","37.519214","126.978575","1","2019-12-12"
"용산구","(서빙고동 271-36 철길지나 마을입구)","방범","37.519415","126.991457","1","2019-12-12"
"용산구","(서빙고동 271-36 철길 지나 마을입구)","방범","37.519505","126.99264","4","2019-12-12"
"용산구","(이촌동 300-23 신용산초교 앞)","방범","37.519603","126.974714","1","2019-12-12"
"용산구","(이촌동 300-23 신용산초교 앞)","방범","37.519603","126.974714","1","2019-12-12"
"용산구","(이촌동 432 LG자이아파트 105동 출구)","방범","37.519649","126.970023","1","2019-12-12"
"용산구","(이촌동 301-54 한가람유치원)","방범","37.519680","126.980594","1","2019-12-12"
"용산구","(이촌동 419 사촌1길 진입로)","방범","37.519922","126.966975","1","2019-12-12"
"용산구","(이촌동 302-64 장미맨션 입구)","방범","37.520185","126.968263","2","2019-12-12"
"용산구","(이촌동 302-55 동부아파트 1동 담장)","방범","37.520235","126.969203","1","2019-12-12"
"용산구","(이촌동 412-1 한강천주교 입구)","방범","37.520297","126.977005","1","2019-12-12"
"용산구","(서빙고동 195-2 (서빙고로59길 7) CGVTV 뒷골목)","방범","37.520387","126.993226","1","2019-12-12"
"용산구","(서빙고동 195-2 (서빙고로59길 7) CGVTV 뒷골목)","방범","37.520398","126.993435","1","2019-12-12"
"용산구","(서빙고로59길 7 (서빙고동195-2) CGVTV 뒷골목)","방범","37.520398","126.993435","1","2019-12-12"
"용산구","(서빙고로59길 7)","방범","37.520723","126.995252","1","2019-12-12"
"용산구","(서빙고로67길 7 (서빙고동 122-6))","방범","37.520723","126.995252","2","2019-12-12"
"용산구","(서빙고동 122-6 (서빙고로67길 7))","방범","37.520874","126.995152","2","2019-12-12"
"용산구","(서빙고로67길 7 (서빙고동 122-6))","방범","37.520874","126.995152","1","2019-12-12"
"용산구","(이촌동 302-75 대한의사협회 앞)","방범","37.520969","126.966012","1","2019-12-12"
"용산구","(이촌동 399 충신교회 건너편)","방범","37.521030","126.971741","1","2019-12-12"
"용산구","(이촌동 이촌지구대 골목길)","방범","37.521030","126.971741","1","2019-12-12"
"용산구","(서빙고로73길 61 (동빙고동 107-2) 빗물펌프장 사거리)","방범","37.521082","126.996179","3","2019-12-12"
"용산구","(서빙고로73길 61(동빙고동 165-4) 빗물펌프장 사거리)","방범","37.521082","126.996179","1","2019-12-12"
"용산구","(이촌동 407-1 한가람아파트 214동 입구)","방범","37.521161","126.974431","1","2019-12-12"
"용산구","(이촌동 407-1 한가람아파트 214동 입구)","방범","37.521161","126.974431","1","2019-12-12"
"용산구","(이촌동 409 충신유치원 앞)","방범","37.521208","126.972886","1","2019-12-12"
"용산구","(이촌1동 302-28 타워맨션 입구)","방범","37.521318","126.964977","2","2019-12-12"
"용산구","(동빙고동 106-1 한간상회 앞)","방범","37.521322","126.996546","1","2019-12-12"
"용산구","(서빙고로73길 61(동빙고동 107-2) 빗물펌프장 사거리)","방범","37.521322","126.996546","3","2019-12-12"
"용산구","(이촌동 301-179 동주민센터 앞)","방범","37.521567","126.972929","1","2019-12-12"
"용산구","(서빙고동 110 두란노 앞 지하보도 내)","방범","37.521615","126.993829","1","2019-12-12"
"용산구","(이촌동 301-78 용강중학교 옆)","방범","37.521662","126.975443","1","2019-12-12"
"용산구","(이촌동 301-133 동부이촌동녹지대 입구)","방범","37.521716","126.966183","2","2019-12-12"
"용산구","(이촌동 302-87 충신교회 주차장 옆)","방범","37.521812","126.963716","1","2019-12-12"
"용산구","(이촌로156 옆(이촌동 302-87) 충신교회 주차장 옆)","방범","37.521812","126.963716","1","2019-12-12"
"용산구","(동빙고동 196-2 은빛세탁소)","방범","37.521856","126.995575","1","2019-12-12"
"용산구","(동빙고동 89-1 새마을금고 앞)","방범","37.521902","126.996803","1","2019-12-12"
"용산구","(동빙고동 89-1 새마을금고 앞)","방범","37.521902","126.996803","2","2019-12-12"
"용산구","(동빙고동 138 오색꿈어린이집 앞)","방범","37.521969","126.995864","1","2019-12-12"
"용산구","(서빙고동 89 부동산 앞 삼거리)","방범","37.521972","126.994507","1","2019-12-12"
"용산구","(서빙고동 89 부동산 앞 삼거리)","방범","37.521972","126.994507","3","2019-12-12"
"용산구","(용산동5가 17-69 이촌역 4번출구 정면)","방범","37.522045","126.973253","2","2019-12-12"
"용산구","(이촌동 417 대우아파트 109동 앞)","방범","37.522102","126.971209","2","2019-12-12"
"용산구","(동빙고동 89-1 새마을금고 앞)","방범","37.522109","126.996473","2","2019-12-12"
"용산구","(서빙고로75가길 23)","방범","37.522109","126.996473","2","2019-12-12"
"용산구","(서빙고로75길 12)","방범","37.522109","126.996473","1","2019-12-12"
"용산구","(이촌동 415 대우아파트 105동 담장)","방범","37.522136","126.969926","1","2019-12-12"
"용산구","(서빙고동 4-108 미군부대 정문 앞)","방범","37.522279","126.990873","3","2019-12-12"
"용산구","(용산동5가 17-69 이촌역 4번출구 뒤)","방범","37.522280","126.973266","1","2019-12-12"
"용산구","(동빙고동 138 오색꿈 어린이집 앞)","방범","37.522285","126.995823","3","2019-12-12"
"용산구","(주성동 43-41 주성맨션 입구)","방범","37.522364","126.9981","1","2019-12-12"
"용산구","(주성동 43-41 주성맨션 입구)","방범","37.522364","126.9981","2","2019-12-12"
"용산구","(한강로3가 65-152 현대트럼프월드 뒤)","방범","37.522486","126.963469","2","2019-12-12"
"용산구","(이촌동 406 한가람아파트 219동 옆)","방범","37.522602","126.972485","1","2019-12-12"
"용산구","(서빙고로 79가길 40-2 (동빙고동 81-71))","방범","37.522788","126.997361","1","2019-12-12"
"용산구","(서빙고로79가길 40-2(동빙고동 81-71))","방범","37.522788","126.997361","1","2019-12-12"
"용산구","(보광동 168 오산고교 후문)","방범","37.522845","127.000376","2","2019-12-12"
"용산구","(보광동 168 오산고등학교 후문)","방범","37.522845","127.000376","1","2019-12-12"
"용산구","(주성동 34-1 산돌교회 옆)","방범","37.522899","126.998875","1","2019-12-12"
"용산구","(이촌동 400 이촌현대한강 아파트 102동 뒷길)","방범","37.522952","126.957768","2","2019-12-12"
"용산구","(한강로3가 65-431 용산세무서 골목)","방범","37.523028","126.968054","1","2019-12-12"
"용산구","(이촌동 400 현대한강 102동 앞)","방범","37.523075","126.959328","2","2019-12-12"
"용산구","(동빙고동 49-1 그림숲 어린이집)","방범","37.523140","126.995763","1","2019-12-12"
"용산구","(서빙고로71길 61(동빙고동 49-1) 변전소 삼거리)","방범","37.523140","126.995763","2","2019-12-12"
"용산구","(한강로3가 65-54 쌍용스윗닷홈 옆)","방범","37.523169","126.964077","3","2019-12-12"
"용산구","(이촌동 400 현대한강 102동 앞)","방범","37.523216","126.958416","3","2019-12-12"
"용산구","(용산동5가 24-1 파크타워 상가 뒤)","방범","37.523222","126.973680","1","2019-12-12"
"용산구","(이촌동 400 현대한강 101동 12호 라인 뒤쪽 한강공원 출구","방범","37.523327","126.956903","1","2019-12-12"
"용산구","(이촌로34길 29)","방범","37.523327","126.956903","1","2019-12-12"
"용산구","(이촌동 172-1 현대한강 뒤편 육교가는길)","방범","37.523475","126.95669","1","2019-12-12"
"용산구","(서빙고동 1-3 서빙고할머니 경로당 앞)","방범","37.523594","126.993646","1","2019-12-12"
"용산구","(서빙고동 1-3 서빙고할머니경로당 앞)","방범","37.523594","126.993646","3","2019-12-12"
"용산구","(한강로3가 40-555 골목주차장 옆)","방범","37.523748","126.960843","1","2019-12-12"
"용산구","(한강로3가 40-555 골목 안 정자 쉼터)","방범","37.523761","126.960837","1","2019-12-12"
"용산구","(동빙고동 42-8 롯데칠성 앞)","방범","37.523865","126.996552","2","2019-12-12"
"용산구","(이촌동 199-1 새남터성당 앞 공영주차장)","방범","37.524177","126.956539","3","2019-12-12"
"용산구","(이촌로29길 8 (한강로3가 40-875))","방범","37.524279","126.959543","1","2019-12-12"
"용산구","(이촌로29길 8(한강로3가 40-875))","방범","37.524279","126.959543","1","2019-12-12"
"용산구","(이촌동 199-1 새남터성당 앞 공영주차장)","방범","37.524293","126.956694","1","2019-12-12"
"용산구","(한강대로7길 13)","방범","37.524303","126.962217","1","2019-12-12"
"용산구","(이촌로22길 13-22)","방범","37.524447","126.956889","2","2019-12-12"
"용산구","(동빙고동 34-4 주택가)","방범","37.524463","126.996702","1","2019-12-12"
"용산구","(동빙고동 34-4 주택가)","방범","37.524463","126.996702","2","2019-12-12"
"용산구","(한강로3가 40-356 경로당 골목 입구)","방범","37.524540","126.961981","1","2019-12-12"
"용산구","(한강로3가 65-154 중대병원 후문)","방범","37.524595","126.965529","1","2019-12-12"
"용산구","(한강대로7길 22)","방범","37.524669","126.961715","1","2019-12-12"
"용산구","(용산동5가 24-2 파크타워 103동 뒤)","방범","37.524760","126.971608","1","2019-12-12"
"용산구","(이촌동 199-1 고가다리 아래)","방범","37.524869","126.957492","3","2019-12-12"
"용산구","(이촌동 199-1 새남터성당 옆 고가 밑)","방범","37.5249","126.957496","2","2019-12-12"
"용산구","(한강로3가 40-49 이촌동 철길부근)","방범","37.524933","126.960595","1","2019-12-12"
"용산구","(서빙고로91라길 35 (보광동 209-32 인근))","방범","37.525011","126.997628","1","2019-12-12"
"용산구","(서빙고로91라길 35(보광동 209-32 인근))","방범","37.525011","126.997628","1","2019-12-12"
"용산구","(보광로5길 17 삼성리버빌 아파트 뒤)","방범","37.525168","127.000932","1","2019-12-12"
"용산구","(보광로7길 11-18(보광동 161) 오산고교 뒤편 담장)","방범","37.525168","127.000932","2","2019-12-12"
"용산구","(이촌동 203-60 문구점 앞)","방범","37.525321","126.955747","1","2019-12-12"
"용산구","(이촌동 203-60 문구점 앞)","방범","37.525321","126.955747","2","2019-12-12"
"용산구","(이촌동 203-60 문구점 앞)","방범","37.525458","126.956041","2","2019-12-12"
"용산구","(이촌동 203-60 문구점 앞)","방범","37.525458","126.956041","1","2019-12-12"
"용산구","(한강로3가 40-7 서일공업사 앞)","방범","37.525616","126.962023","1","2019-12-12"
"용산구","(보광동 216-8 주택 앞 삼거리)","방범","37.525635","126.998528","3","2019-12-12"
"용산구","(보광로5길 5 (보광동 96-1) 조마루뼈다귀 뒤)","방범","37.525638","127.001086","1","2019-12-12"
"용산구","(보광로5길 5 조마루뼈다귀 뒤)","방범","37.525638","127.001086","2","2019-12-12"
"용산구","(보광동 216-26 주택가밀집지역)","방범","37.525662","126.999208","1","2019-12-12"
"용산구","(이촌동 395 대림아파트 103동 입구)","방범","37.525701","126.954281","3","2019-12-12"
"용산구","(동빙고동 9-1 동빙고 삼거리)","방범","37.525872","126.996232","3","2019-12-12"
"용산구","(이촌동 203-9 고가 보행신호 앞)","방범","37.525917","126.956503","3","2019-12-12"
"용산구","(이촌동 203-38 서울교회 옆)","방범","37.525948","126.955472","1","2019-12-12"
"용산구","(이촌동 203-38 서울교회 옆)","방범","37.525948","126.955472","2","2019-12-12"
"용산구","(이촌동 203-53 동의자협의회 사무실 앞)","방범","37.526036","126.954932","1","2019-12-12"
"용산구","(이촌동 203-53 동의자협의회 사무실 앞)","방범","37.526036","126.954932","3","2019-12-12"
"용산구","(한강로3가 40-128 대동여인숙 앞)","방범","37.526128","126.963430","4","2019-12-12"
"용산구","(장문로19길 23 (보광동 308) 샘물교회 뒤)","방범","37.526261","126.998815","1","2019-12-12"
"용산구","(장문로19길 23 샘물교회 뒤)","방범","37.526261","126.998815","3","2019-12-12"
"용산구","(보광동 68 캐피탈빌라 앞)","방범","37.526262","127.003020","1","2019-12-12"
"용산구","(보광동 390 골목 안)","방범","37.526265","126.997603","2","2019-12-12"
"용산구","(장문로19길 9 집 옆)","방범","37.526283","126.997979","2","2019-12-12"
"용산구","(이촌동 203-53 동의자협의회 사무실 앞)","방범","37.526326","126.955482","3","2019-12-12"
"용산구","(이촌동 395-1 엠마뉴엘교회 초입)","방범","37.526343","126.954115","1","2019-12-12"
"용산구","(이촌로2가길 122 대림아파트 105동 56라인 앞)","방범","37.526409","126.954051","1","2019-12-12"
"용산구","(한강대로17길 24)","방범","37.526541","126.963717","3","2019-12-12"
"용산구","(한강대로21길 29-10)","방범","37.526541","126.963717","2","2019-12-12"
"용산구","(장문로17길 13)","방범","37.526594","126.997725","2","2019-12-12"
"용산구","(장문로17길 30)","방범","37.526623","126.998609","1","2019-12-12"
"용산구","(장문로15가길 2 (보광동 400-1) 보광사 옆)","방범","37.526730","126.997376","1","2019-12-12"
"용산구","(장문로15가길 2 보광사 옆)","방범","37.526730","126.997376","2","2019-12-12"
"용산구","(보광로12길 7 (보광동 10-58) 청소년공부방 뒤)","방범","37.526742","127.001039","1","2019-12-12"
"용산구","(보광로12길 7 청소년공부방 뒤)","방범","37.526742","127.001039","2","2019-12-12"
"용산구","(보광동 33-10 현대홈타운 가는 길)","방범","37.526924","127.002359","3","2019-12-12"
"용산구","(보광동 327 주택 앞)","방범","37.526953","126.999211","2","2019-12-12"
"용산구","(보광동 419 보광사 뒤)","방범","37.527008","126.997156","3","2019-12-12"
"용산구","(보광동 13-14 문화약국 앞쪽 골목)","방범","37.527016","127.001564","1","2019-12-12"
"용산구","(장문로39길 14 문화약국 앞쪽 골목)","방범","37.527016","127.001564","1","2019-12-12"
"용산구","(이촌동 206-27 북한강 성원아파트 입구)","방범","37.527052","126.954041","2","2019-12-12"
"용산구","(이촌동 206-27 북한강성원아파트 입구)","방범","37.527052","126.954041","1","2019-12-12"
"용산구","(이촌동 206-1 동원베네스트 담장)","방범","37.527057","126.954586","2","2019-12-12"
"용산구","(이촌동 206-1 동원베네스트 담장)","방범","37.527057","126.954586","1","2019-12-12"
"용산구","(장문로39길 14 문화약국 앞쪽 골목)","방범","37.527102","127.001565","1","2019-12-12"
"용산구","(보광동 260-8 보광시장 뒤)","방범","37.527146","127.000458","1","2019-12-12"
"용산구","(보광동 260-8 보광시장 뒤)","방범","37.527146","127.000458","2","2019-12-12"
"용산구","(보광로23길 10-26)","방범","37.527283","126.997692","2","2019-12-12"
"용산구","(보광로21길 21 (보광동 226-5) 중앙빌라 앞)","방범","37.527362","126.998368","1","2019-12-12"
"용산구","(보광로21길 21 중앙빌라 앞)","방범","37.527362","126.998368","3","2019-12-12"
"용산구","(한강로3가 40-946 마사회 뒷길)","방범","37.527434","126.963084","3","2019-12-12"
"용산구","(보광동 35-45 (장문로130-1))","방범","37.527516","127.003611","2","2019-12-12"
"용산구","(장문로 130-1 (보광동 35-45))","방범","37.527516","127.003611","1","2019-12-12"
"용산구","(이촌로14길 16 시범동 서울익스프레스 옆)","방범","37.527529","126.954284","1","2019-12-12"
"용산구","(이촌동 209-22 시범아파트 2동 앞)","방범","37.527571","126.954524","1","2019-12-12"
"용산구","(이촌동 209-22 시범아파트 입구)","방범","37.527571","126.954524","3","2019-12-12"
"용산구","(보광동 15-28 중앙아트빌라 앞 삼거리)","방범","37.527645","127.002381","1","2019-12-12"
"용산구","(보광로31길 23-20(보광동 228-93) 보광사 지나서 삼거리)","방범","37.527706","126.99699","2","2019-12-12"
"용산구","(보광로31길 40 보광사 지나서 삼거리)","방범","37.527706","126.99699","1","2019-12-12"
"용산구","(보광동 231-17 놀이터 앞)","방범","37.527822","126.998227","1","2019-12-12"
"용산구","(한남동 551 하이페리온 2차 정문 앞)","방범","37.527980","127.005752","4","2019-12-12"
"용산구","(보광동 9-8 삼방빌라 앞)","방범","37.528313","127.002099","2","2019-12-12"
"용산구","(보광동 228-23 (보광로31길 25))","방범","37.528319","126.997304","2","2019-12-12"
"용산구","(보광로31길 25 (보광동 228-23))","방범","37.528319","126.997304","1","2019-12-12"
"용산구","(이촌동 208-1 이촌서부교회 내)","방범","37.528452","126.953922","1","2019-12-12"
"용산구","(이촌동 208-1 이촌서부교회 내)","방범","37.528452","126.953922","2","2019-12-12"
"용산구","(보광동 264-14 보광어린이집 앞)","방범","37.528493","127.000719","1","2019-12-12"
"용산구","(보광로12가길 39 보광어린이집 앞)","방범","37.528493","127.000719","1","2019-12-12"
"용산구","(보광로12가길 39 보광어린이집 앞)","방범","37.528587","127.000991","1","2019-12-12"
"용산구","(보광동 9-8 삼방빌라 앞)","방범","37.528670","127.001702","1","2019-12-12"
"용산구","(이촌동 208-1 이촌서부교회 내)","방범","37.528794","126.953851","1","2019-12-12"
"용산구","(이촌동 208-1 이촌서부교회 내)","방범","37.528794","126.953851","1","2019-12-12"
"용산구","(한남동 557-47 청운독서실 옆)","방범","37.528796","127.005695","1","2019-12-12"
"용산구","(보광동 251-10 평양미인 옆)","방범","37.529102","126.999982","1","2019-12-12"
"용산구","(보광동 264-51 보광어린이집 앞 사거리)","방범","37.529121","127.000519","4","2019-12-12"
"용산구","(보광동 244-5 하나투어 앞)","방범","37.529131","126.997962","1","2019-12-12"
"용산구","(보광로31길 1 하나투어 앞)","방범","37.529131","126.997962","2","2019-12-12"
"용산구","(보광로30길 12 (보광동 253-29) 생생한의원 뒤쪽 골목)","방범","37.529217","126.998798","1","2019-12-12"
"용산구","(보광로30길 12 생생한의원 뒤쪽 골목)","방범","37.529217","126.998798","2","2019-12-12"
"용산구","(한남동 568-57 청석슈퍼 앞)","방범","37.529239","127.003780","3","2019-12-12"
"용산구","(한남동 568-172 비상소화장치옆)","방범","37.529361","127.005223","1","2019-12-12"
"용산구","(보광동 3-48 계단 아래)","방범","37.529395","127.002079","2","2019-12-12"
"용산구","(한남동 568-5 골목길)","방범","37.529548","127.006043","3","2019-12-12"
"용산구","(한남동 567-2 슈퍼 앞)","방범","37.529608","127.004876","2","2019-12-12"
"용산구","(보광동 265-743 삼거리마트 앞)","방범","37.529753","126.999151","3","2019-12-12"
"용산구","(보광동 265-38 주택가 밀집지역)","방범","37.529764","127.000256","1","2019-12-12"
"용산구","(보광동 265-38 주택가밀집지역)","방범","37.529805","127.00008","1","2019-12-12"
"용산구","(이촌2동 212-13 버스정류장 삼거리)","방범","37.529806","126.954396","3","2019-12-12"
"용산구","(한강로2가 157-1 용산우체국 뒤)","방범","37.529824","126.969805","3","2019-12-12"
"용산구","(한남동 597 주택가밀집지역)","방범","37.529945","127.005938","1","2019-12-12"
"용산구","(이촌동 212-3 이촌소방서 앞)","방범","37.530007","126.953148","3","2019-12-12"
"용산구","(한남동 508 리버탑빌라 앞)","방범","37.530021","127.008661","1","2019-12-12"
"용산구","(한남동 468-5 한미빌라 앞)","방범","37.530068","127.009334","1","2019-12-12"
"용산구","(보광동 240-24 신태양약국 앞)","방범","37.530084","126.998673","1","2019-12-12"
"용산구","(한강대로40길 32)","방범","37.530114","126.970973","1","2019-12-12"
"용산구","(한강로2가 2-196 전자상가 지하도 입구)","방범","37.530125","126.967415","3","2019-12-12"
"용산구","(한강로2가 157-1 용산우체국 뒤)","방범","37.530213","126.969791","2","2019-12-12"
"용산구","(보광동 3-250 한광교회 앞 소공원)","방범","37.530296","127.003169","3","2019-12-12"
"용산구","(우사단로2길 24 (보광동 240-24 인근))","방범","37.530316","126.998145","1","2019-12-12"
"용산구","(우사단로2길 24(보광동 240-24 인근))","방범","37.530316","126.998145","1","2019-12-12"
"용산구","(우사단로4라길 17 태양이발소 위 사거리)","방범","37.530397","127.000095","2","2019-12-12"
"용산구","(장문로15가길 2 보광사 옆)","방범","37.530397","127.000095","1","2019-12-12"
"용산구","(보광동 265-70 골목 내 삼거리)","방범","37.530506","127.000921","1","2019-12-12"
"용산구","(보광동 272-14 미사랑 앞 삼거리)","방범","37.530599","126.997626","4","2019-12-12"
"용산구","(우사단로10길 142)","방범","37.530609","127.002671","1","2019-12-12"
"용산구","(한강대로44길 16 (한강로2가 112-3))","방범","37.530669","126.970898","1","2019-12-12"
"용산구","(한강로2가 112-3 (한강대로44길 16))","방범","37.530669","126.970898","3","2019-12-12"
"용산구","(장문로49길 88 (한남동 620-145)","방범","37.530675","127.003865","2","2019-12-12"
"용산구","(장문로49길 88(한남동 620-145))","방범","37.530675","127.003865","1","2019-12-12"
"용산구","(보광동265-439 백영세탁소 옆 골목)","방범","37.530701","126.998982","1","2019-12-12"
"용산구","(보광동 3-278 5갈래 길)","방범","37.530756","127.002289","1","2019-12-12"
"용산구","(보광동 265-180 태양이발소 위쪽 사거리)","방범","37.530795","126.999865","1","2019-12-12"
"용산구","(우사단로4라길 17 태양이발소 위 사거리)","방범","37.530795","126.999865","3","2019-12-12"
"용산구","(한남동 578-3 경향하이츠빌라 뒤)","방범","37.530894","127.004644","1","2019-12-12"
"용산구","(한남동 578-3 경향하이츠빌라 뒤)","방범","37.530941","127.004838","3","2019-12-12"
"용산구","(새창로 221-29 (한강로동))","방범","37.530952","126.968093","2","2019-12-12"
"용산구","(한강로2가 2-16 현대하이카 옆)","방범","37.530952","126.968093","1","2019-12-12"
"용산구","(보광로46길 18)","방범","37.531002","126.996187","1","2019-12-12"
"용산구","(보광동 272-14 미사랑 앞 삼거리)","방범","37.531018","126.997563","2","2019-12-12"
"용산구","(보광동 265-426 그냥갈수없잖아슈퍼 옆)","방범","37.531087","127.000858","1","2019-12-12"
"용산구","(보광동 265-426 그냥갈수없잖아슈퍼 옆)","방범","37.531087","127.000858","1","2019-12-12"
"용산구","(한남동 419 한국입정교성회 뒤)","방범","37.531115","127.010313","3","2019-12-12"
"용산구","(이태원동 20-78 휘트니스헬스 뒤 주차장 앞)","방범","37.531120","126.995805","3","2019-12-12"
"용산구","(한남동 767-9 좁은 골목길)","방범","37.531165","127.002411","1","2019-12-12"
"용산구","(이촌동 212-1 성촌공원 내 화단)","방범","37.531195","126.954659","3","2019-12-12"
"용산구","(보광동 265-436 보광동교회 어린이집 입구)","방범","37.531338","126.999028","2","2019-12-12"
"용산구","(대사관로30가길 41)","방범","37.531466","127.003483","2","2019-12-12"
"용산구","(대사관로39가길 41)","방범","37.531466","127.003483","2","2019-12-12"
"용산구","(한강로2가 47-3 원불교 부근)","방범","37.531470","126.972185","1","2019-12-12"
"용산구","(보광동 265-232 철통신주 옆)","방범","37.531499","126.997862","4","2019-12-12"
"용산구","(한강로2가 2-131)","방범","37.531527","126.968475","2","2019-12-12"
"용산구","(한남동 616-14 맞은 편 철주 (의리의리한 집 뒷골목))","방범","37.531682","127.005386","1","2019-12-12"
"용산구","(한남동 616-14 맞은편 철주(의리의리한집 뒷골목))","방범","37.531682","127.005386","1","2019-12-12"
"용산구","(이태원동 83-1 외인차고 앞)","방범","37.531792","126.991997","1","2019-12-12"
"용산구","(한남동 616-14 맞은편 철주(의리의리한집 뒷골목))","방범","37.531821","127.005236","1","2019-12-12"
"용산구","(우사단로10다길 14 (한남동 764-15))","방범","37.531833","127.002025","1","2019-12-12"
"용산구","(우사단로10다길 14(한남동 764-15))","방범","37.531833","127.002025","1","2019-12-12"
"용산구","(한남동 649-1 만물슈퍼 앞)","방범","37.531861","127.004177","1","2019-12-12"
"용산구","(한강로2가 16-11 전자상가 정류장)","방범","37.531883","126.965365","1","2019-12-12"
"용산구","(한강로2가 16-11 전자상가 정류장)","방범","37.531883","126.965365","2","2019-12-12"
"용산구","(보광로51길 16 (이태원동 96-108))","방범","37.531907","126.994225","1","2019-12-12"
"용산구","(이태원동 96-108 (보광로51길 16))","방범","37.531907","126.994225","2","2019-12-12"
"용산구","(한남동 758-12 민들레미용실 앞)","방범","37.531928","127.000527","1","2019-12-12"
"용산구","(한남동 758-31 민들레미용실 사잇길)","방범","37.531928","127.000527","1","2019-12-12"
"용산구","(우사단로6길 26)","방범","37.532043","126.997702","1","2019-12-12"
"용산구","(우사단로10다길 14 (한남동 764-15))","방범","37.532076","127.001294","2","2019-12-12"
"용산구","(보광동 265-1006 앞 전주)","방범","37.532128","126.997819","2","2019-12-12"
"용산구","(우사단로6길 32)","방범","37.532283","126.998124","1","2019-12-12"
"용산구","(원효로3가 250-1 하이트맥주 앞 사무실)","방범","37.532354","126.954338","1","2019-12-12"
"용산구","(우사단로6길 35)","방범","37.532377","126.998234","1","2019-12-12"
"용산구","(우사단로10라길 15(한남동 76-1) 골목길과 비탈길 사이)","방범","37.532387","127.001660","2","2019-12-12"
"용산구","(우사단로10라길 17 골목길과 비탈길 사이)","방범","37.532387","127.001660","1","2019-12-12"
"용산구","(이태원동 96-100 골목길)","방범","37.532427","126.993733","3","2019-12-12"
"용산구","(한남동 653-58 자스민하우스 앞)","방범","37.532583","127.002548","1","2019-12-12"
"용산구","(한남동 647-1 태성빌라 뒤)","방범","37.532588","127.004080","1","2019-12-12"
"용산구","(한남동 760-34 한남중앙교회 인근 보안등 옆)","방범","37.532601","126.999498","4","2019-12-12"
"용산구","(한강로3가 16-18 전자상가 우체국 앞)","방범","37.532634","126.957503","1","2019-12-12"
"용산구","(한강로3가 16-18 전자상가우체국 앞)","방범","37.532634","126.957503","2","2019-12-12"
"용산구","(한강로3가 3-32 선인상가 21동 입구)","방범","37.532651","126.964202","3","2019-12-12"
"용산구","(원효로3가 250-1 하이트맥주 앞 사무실)","방범","37.532909","126.954663","2","2019-12-12"
"용산구","(이태원동 34-111 (이태원로14길 36))","방범","37.532950","126.991190","1","2019-12-12"
"용산구","(이태원로14길 36 (이태원동 34-111))","방범","37.532950","126.991190","1","2019-12-12"
"용산구","(한남동 732-150 이슬람사원 앞)","방범","37.532980","126.997944","1","2019-12-12"
"용산구","(이태원동 180-21 그린빌라 앞)","방범","37.532985","126.993698","1","2019-12-12"
"용산구","(이태원동 180-21 그린빌라 앞)","방범","37.532985","126.993698","3","2019-12-12"
"용산구","(한강로3가 187-14 CU편의점 앞)","방범","37.532987","126.973510","1","2019-12-12"
"용산구","(이태원동 74-45 한국야쿠르트 앞)","방범","37.532993","126.992570","3","2019-12-12"
"용산구","(한남동 316-3 주택 앞)","방범","37.533002","127.008882","1","2019-12-12"
"용산구","(원효로4가 93 해물한마당 앞)","방범","37.533028","126.952618","1","2019-12-12"
"용산구","(용산동5가 2-4 국방부 뒤 일반통행길)","방범","37.533155","126.973996","1","2019-12-12"
"용산구","(용산동5가 2-4 국방부 뒤쪽 일반통행길)","방범","37.533155","126.973996","1","2019-12-12"
"용산구","(원효로31길 12 (원효로3가 252-1 인근))","방범","37.533268","126.955835","1","2019-12-12"
"용산구","(원효로31길 12(원효로3가 252-1인근))","방범","37.533268","126.955835","1","2019-12-12"
"용산구","(한남동 732-9 다세대주택 앞)","방범","37.533281","126.999016","3","2019-12-12"
"용산구","(이태원동 74-45 주택가 골목길)","방범","37.533285","126.992268","3","2019-12-12"
"용산구","(이태원동 63-17 주택 앞)","방범","37.533303","126.991496","3","2019-12-12"
"용산구","(원효로3가 242-2 계단 위 삼거리)","방범","37.533429","126.954852","2","2019-12-12"
"용산구","(원효로3가 242-2 계단위 삼거리)","방범","37.533429","126.954852","1","2019-12-12"
"용산구","(한강로3가 1-1 전자상가 국민은행 옆)","방범","37.533438","126.963942","2","2019-12-12"
"용산구","(한강로1가 305-11 삼각교회 앞)","방범","37.533456","126.971522","2","2019-12-12"
"용산구","(이태원동 132-4 킹클럽 맞은 편)","방범","37.533505","126.995546","1","2019-12-12"
"용산구","(이태원동 132-4 킹클럽 맞은편)","방범","37.533505","126.995546","1","2019-12-12"
"용산구","(한강로2가 2-354 e-편한세상 뒷골 목)","방범","37.533514","126.969904","1","2019-12-12"
"용산구","(한강로2가 2-354 e-편한세상 뒷골목)","방범","37.533514","126.969904","2","2019-12-12"
"용산구","(이태원동 74-45 한국야쿠르트 앞)","방범","37.533522","126.992676","3","2019-12-12"
"용산구","(원효로3가 258 원삼탕 맞은 편)","방범","37.533554","126.956371","1","2019-12-12"
"용산구","(효창원로12길 31)","방범","37.533606","126.952809","1","2019-12-12"
"용산구","(녹사평대로 46가길 30 (이태원동 59-4))","방범","37.533631","126.99058","1","2019-12-12"
"용산구","(녹사평대로46가길 30(이태원동 59-4))","방범","37.533631","126.99058","1","2019-12-12"
"용산구","(원효로19가길 5)","방범","37.533644","126.954771","1","2019-12-12"
"용산구","(이태원동 63-17 주택 앞)","방범","37.533727","126.991026","1","2019-12-12"
"용산구","(한남동 657-115 이쯔모 앞)","방범","37.533734","127.005781","2","2019-12-12"
"용산구","(한강로1가 231-23 옛집국수 코너)","방범","37.533947","126.973623","3","2019-12-12"
"용산구","(보광로60길 18 (이태원동 132-17))","방범","37.533979","126.994969","1","2019-12-12"
"용산구","(이태원동 132-17 (보광로60길 18))","방범","37.533979","126.994969","2","2019-12-12"
"용산구","(한남동 686-11 백팩커스게스트하우스 앞 계단 밑)","방범","37.534025","127.000102","3","2019-12-12"
"용산구","(원효로3가 96-2 소망빌딩 앞)","방범","37.534028","126.958019","4","2019-12-12"
"용산구","(원효로3가 96-2 소망빌딩 앞)","방범","37.534028","126.958019","1","2019-12-12"
"용산구","(원효로4가 46 소방호스함 옆)","방범","37.534042","126.953084","4","2019-12-12"
"용산구","(한남동 657-15 캄보디아대사관 뒤)","방범","37.534064","127.002671","4","2019-12-12"
"용산구","(이태원1동 126-9 데뷰 앞)","방범","37.534066","126.996220","2","2019-12-12"
"용산구","(원효로3가 190 앞 철주)","방범","37.534135","126.955609","2","2019-12-12"
"용산구","(한남동 657-115 이쯔모 앞)","방범","37.534181","127.005863","1","2019-12-12"
"용산구","(원효로3가 206-1)","방범","37.534227","126.955123","2","2019-12-12"
"용산구","(우사단로10길 39-29 (한남동 732-161))","방범","37.534252","126.997802","1","2019-12-12"
"용산구","(한남동 732-161 (우사단로10길 39-29))","방범","37.534252","126.997802","2","2019-12-12"
"용산구","(신계동 35-11 남동전기 앞)","방범","37.534267","126.962189","1","2019-12-12"
"용산구","(원효로3가 96-2 소망빌딩 앞)","방범","37.534306","126.957731","1","2019-12-12"
"용산구","(원효로3가 96-2 소망빌딩 앞)","방범","37.534306","126.957731","1","2019-12-12"
"용산구","(원효로3가 169 일광빌라 앞)","방범","37.534329","126.956296","1","2019-12-12"
"용산구","(산천동 81-1 동주민센터 화단)","방범","37.534384","126.951363","1","2019-12-12"
"용산구","(한강대로62나길 13)","방범","37.534387","126.974463","1","2019-12-12"
"용산구","(이태원동 457-3 Aussie Shop 앞)","방범","37.534421","126.988298","3","2019-12-12"
"용산구","(원효로4가 64 골목길)","방범","37.534513","126.953166","3","2019-12-12"
"용산구","(용산동3가 1-96 삼각지 어린이공원 앞)","방범","37.534545","126.975120","2","2019-12-12"
"용산구","(원효로3가 1-139 원효어린이집 늘푸른공원)","방범","37.534689","126.95660139","1","2019-12-12"
"용산구","(신계동 25-8 유진약국 앞)","방범","37.534705","126.963645","1","2019-12-12"
"용산구","(원효로2가 61-9)","방범","37.534782","126.962977","3","2019-12-12"
"용산구","(원효로2가 61-9 공원 앞)","방범","37.534782","126.962977","1","2019-12-12"
"용산구","(이태원동 119-17 세계음식특화거리)","방범","37.534861","126.992715","2","2019-12-12"
"용산구","(효창원로26가길 6)","방범","37.535003","126.956087","2","2019-12-12"
"용산구","(산천동 35-1 세느미용실)","방범","37.535019","126.952869","1","2019-12-12"
"용산구","(효창원로16길 22)","방범","37.535066","126.954741","3","2019-12-12"
"용산구","(이태원1동 123-26 삼성 어린이집 앞)","방범","37.535074","126.995354","1","2019-12-12"
"용산구","(청암동 161 전주 옆)","방범","37.535122","126.946108","1","2019-12-12"
"용산구","(원효로3가 46-1 우체국 맞은 편)","방범","37.53514","126.9599531","1","2019-12-12"
"용산구","(원효로3가 46-1 우체국 맞은편)","방범","37.53514","126.9599531","2","2019-12-12"
"용산구","(이태원동 166-14 골든빌 2차 위쪽)","방범","37.535164","126.990959","1","2019-12-12"
"용산구","(이태원동 166-14 골든빌2차 위쪽)","방범","37.535164","126.990959","1","2019-12-12"
"용산구","(신창동 31-2 신창공영주차장 골목코너)","방범","37.535186","126.955483","1","2019-12-12"
"용산구","(한강로1가 276-3 용산초교 정문 앞)","방범","37.535194","126.972960","3","2019-12-12"
"용산구","(한남동 32-18 몽골대사관 골목)","방범","37.535223","127.010727","1","2019-12-12"
"용산구","(청암동 161 전주 옆)","방범","37.535224","126.946031","2","2019-12-12"
"용산구","(신창동 88-2 성심여고 앞)","방범","37.535268","126.953349","3","2019-12-12"
"용산구","(이태원동 119-9 해밀턴호텔 뒤)","방범","37.535281","126.992525","1","2019-12-12"
"용산구","(이태원동 119-9 해밀턴호텔 뒤)","방범","37.535281","126.992525","1","2019-12-12"
"용산구","(한남동 685-10 철물점 옆)","방범","37.535349","127.000376","1","2019-12-12"
"용산구","(이태원1동 120-5 부영주차장 앞)","방범","37.535502","126.991704","1","2019-12-12"
"용산구","(원효로3가 46-1 우체국 맞은 편)","방범","37.535552","126.960817","1","2019-12-12"
"용산구","(원효로3가 46-1 우체국 맞은편)","방범","37.535552","126.960817","2","2019-12-12"
"용산구","(이태원동 187 럭키하이마트 앞 놀이터)","방범","37.535619","126.989815","3","2019-12-12"
"용산구","(이태원동 406 이태원초교 후문)","방범","37.535820","126.988624","3","2019-12-12"
"용산구","(신창동 77-117 신창제일교회 옆 사거리)","방범","37.535824","126.955265","3","2019-12-12"
"용산구","(한남동 683-52 고향마트 맞은 편)","방범","37.535873","127.001120","1","2019-12-12"
"용산구","(효창원로42길 38-14(용문동 42-8) 브라운스톤아파트 정문지나 안쪽 막다른 골목길)","방범","37.535960","126.959955","2","2019-12-12"
"용산구","(효창원로42길 38-14 브라운스톤아파트 정문지나 안쪽 막다른 골목길)","방범","37.535960","126.959955","1","2019-12-12"
"용산구","(한강로1가 248 삼각지 고가도로 주변)","방범","37.536198","126.971824","2","2019-12-12"
"용산구","(한강로1가 248 삼각지고가도로 주변)","방범","37.536198","126.971824","1","2019-12-12"
"용산구","(용문동 25-17 삼익당한의원 앞)","방범","37.536249","126.960266","1","2019-12-12"
"용산구","(신창동 77-51 전주 옆)","방범","37.536288","126.955325","2","2019-12-12"
"용산구","(한남동 682-19 청기와음식점 앞)","방범","37.536357","127.001465","2","2019-12-12"
"용산구","(이태원동 154-7 이태원빌라 옆)","방범","37.536364","126.990331","2","2019-12-12"
"용산구","(용문동 15-1 (원효로53길 19))","방범","37.536418","126.962032","3","2019-12-12"
"용산구","(원효로53길 19 (용문동 15-1))","방범","37.536418","126.962032","1","2019-12-12"
"용산구","(이태원우체국 뒤 이태원초교 담장)","방범","37.536427","126.987445","1","2019-12-12"
"용산구","(용문동 38-128 청구빌라 앞)","방범","37.536495","126.956022","1","2019-12-12"
"용산구","(신창동 77-114 세방아파트 옆)","방범","37.536576","126.954321","1","2019-12-12"
"용산구","(신창동 77-114 세방아파트)","방범","37.536576","126.954321","1","2019-12-12"
"용산구","(녹사평대로 46가길 30 (이태원동 193-77)","방범","37.536626","126.989387","2","2019-12-12"
"용산구","(녹사평대로46가길 30(이태원동 193-77))","방범","37.536626","126.989387","1","2019-12-12"
"용산구","(이태원동 367-1 세탁소 옆)","방범","37.536716","126.988775","3","2019-12-12"
"용산구","(한남동 712-10 응봉공원 입구)","방범","37.536773","127.006591","1","2019-12-12"
"용산구","(한남동 712-10 응봉공원입구)","방범","37.536773","127.006591","1","2019-12-12"
"용산구","(이태원동 154-7 이태원빌라 옆)","방범","37.536819","126.990733","3","2019-12-12"
"용산구","(이태원동 154-23 이태원삼호빌라)","방범","37.536819","126.990735","1","2019-12-12"
"용산구","(용문동 51-1 용문시장 내)","방범","37.536847","126.959410","1","2019-12-12"
"용산구","(신창동 76-24 세방리버힐아파트 후문)","방범","37.536876","126.955458","1","2019-12-12"
"용산구","(효창원로23길 16(신창동 76-24) 세방리버힐아파트 후문)","방범","37.536876","126.955458","2","2019-12-12"
"용산구","(원효로2가 76-20 원효로의원 뒤)","방범","37.536887","126.963536","4","2019-12-12"
"용산구","(한남동 683-42 골목삼거리 계단 앞)","방범","37.536905","127.001171","1","2019-12-12"
"용산구","(한남동 683-42 골목삼거리 계단앞)","방범","37.536905","127.001171","1","2019-12-12"
"용산구","(한남동 712-5 한남초교 옆 골목 끝부분)","방범","37.537092","127.006175","1","2019-12-12"
"용산구","(용문동 41-33 새마을금고 앞)","방범","37.537228","126.959579","1","2019-12-12"
"용산구","(원효로2가 8-4 경로당 앞)","방범","37.537458","126.963865","2","2019-12-12"
"용산구","(용문동 8-20 해피데이호프집 앞)","방범","37.537504","126.960418","1","2019-12-12"
"용산구","(이태원동 324-12 경리단 뒤쪽)","방범","37.537507","126.988604","1","2019-12-12"
"용산구","(한남동 696-3 한남타워 담장)","방범","37.537653","127.003681","1","2019-12-12"
"용산구","(원효로2가 8-15 충남제일철강 옆 골목길)","방범","37.537672","126.964615","3","2019-12-12"
"용산구","(용문동 8-36 신도리코 앞)","방범","37.537797","126.961152","1","2019-12-12"
"용산구","(이태원동 204-3 이태원빌라 옆)","방범","37.537807","126.991987","1","2019-12-12"
"용산구","(한남동 729-47 한아름슈퍼 앞)","방범","37.537810","127.002585","3","2019-12-12"
"용산구","(용문동 38-100 옥수대빌라 맞은편 위쪽)","방범","37.537836","126.956327","1","2019-12-12"
"용산구","(용문동 32-74 (새창로100))","방범","37.53792","126.959624","2","2019-12-12"
"용산구","(이태원동 289-3 어린이공원 앞)","방범","37.537999","126.989540","1","2019-12-12"
"용산구","(용문동 2-1 서울비전교회 앞 모퉁이)","방범","37.538050","126.963524","1","2019-12-12"
"용산구","나(이태원 지하보도)","방범","37.538101","126.986795","1","2019-12-12"
"용산구","(용문동 1-44 창고 앞)","방범","37.538215","126.962023","3","2019-12-12"
"용산구","(이태원동 208-18 현진빌라 앞)","방범","37.538319","126.994005","1","2019-12-12"
"용산구","(이태원동 289-3 어린이공원 앞)","방범","37.538322","126.989674","1","2019-12-12"
"용산구","(새창로 100 (용문동 32-74))","방범","37.538407","126.959658","1","2019-12-12"
"용산구","(용문동 32-74 (새창로100))","방범","37.538407","126.959658","1","2019-12-12"
"용산구","(이태원2동 213-15 주택 앞)","방범","37.538417","126.991725","1","2019-12-12"
"용산구","(용문동 5-6 주택 앞)","방범","37.538437","126.962105","2","2019-12-12"
"용산구","(용문동 32-68 골목꺽이는 지점)","방범","37.538555","126.960306","2","2019-12-12"
"용산구","(이태원동 223-23 디지텍고교 앞)","방범","37.538578","126.990641","3","2019-12-12"
"용산구","(회나무로26길 35)","방범","37.538747","126.990043","1","2019-12-12"
"용산구","(도원동 3-1 대박부동산 앞)","방범","37.538756","126.958625","1","2019-12-12"
"용산구","(이태원2동 213-15 주택 앞)","방범","37.538783","126.992185","2","2019-12-12"
"용산구","(한남동 1-353 한강시범아파트 입구)","방범","37.539034","127.012354","1","2019-12-12"
"용산구","(한남동 산8 한강시범아파트 입구)","방범","37.539034","127.012354","2","2019-12-12"
"용산구","(원효로1가 26-20 무궁화빌라 앞)","방범","37.539036","126.964988","1","2019-12-12"
"용산구","(이태원동 225-250 서울디지텍고교 뒤쪽)","방범","37.539094","126.990313","2","2019-12-12"
"용산구","(용문동 5-68 효창공원역 4번출구 앞)","방범","37.539232","126.961283","1","2019-12-12"
"용산구","(용문동 5-68 효창공원역 4번출구)","방범","37.539232","126.961283","2","2019-12-12"
"용산구","(녹사평대로54길 12(이태원동 627) 시장 옆 아파트 입구 골목)","방범","37.539268","126.987869","2","2019-12-12"
"용산구","(녹사평대로54길12 용산재활용 센터 앞)","방범","37.539268","126.987869","1","2019-12-12"
"용산구","(이태원동 206-15 영진식품 옆 삼거리)","방범","37.539281","126.993214","1","2019-12-12"
"용산구","(원효로1가 30-75 좁은 골목길)","방범","37.539446","126.96593","1","2019-12-12"
"용산구","(원효로1가 21-1 현대미용실 앞)","방범","37.539579","126.964874","4","2019-12-12"
"용산구","(이태원2동 225-10 네네치킨 옆)","방범","37.539608","126.990292","1","2019-12-12"
"용산구","(효창동 89 금양초교 뒤)","방범","37.540107","126.960939","1","2019-12-12"
"용산구","(효창동 5-109 다모빌딩 앞)","방범","37.540123","126.963050","1","2019-12-12"
"용산구","(이태원2동 5-26 필리핀대사관 뒤 사거리)","방범","37.540124","126.994634","1","2019-12-12"
"용산구","(원효로77가길 17 (원효로1가 18-9))","방범","37.540253","126.965511","1","2019-12-12"
"용산구","(원효로77가길 17(원효로1가 18-9))","방범","37.540253","126.965511","1","2019-12-12"
"용산구","(이태원2동 5-26 필린핀대사관 뒤)","방범","37.540278","126.995148","1","2019-12-12"
"용산구","(원효로1가 17-101 동효그린빌라 옆)","방범","37.540523","126.964535","1","2019-12-12"
"용산구","(백범로79나길 13-2)","방범","37.540852","126.965625","2","2019-12-12"
"용산구","(이태원동 247-1 한영슈퍼 사거리)","방범","37.540886","126.993348","1","2019-12-12"
"용산구","(효창동 5-550 주택 앞)","방범","37.540902","126.958917","4","2019-12-12"
"용산구","(효창동 5-86 재향군인회 옆)","방범","37.540911","126.963314","1","2019-12-12"
"용산구","(효창동 5-218 서울자동차고 입구)","방범","37.541048","126.958247","1","2019-12-12"
"용산구","(용산동2가 43-21 주차장 앞 담벼락)","방범","37.54121","126.985379","3","2019-12-12"
"용산구","(효창동 5-735 우리가게 앞)","방범","37.541389","126.959645","2","2019-12-12"
"용산구","(효창동 126-14 효창감리교회 옆)","방범","37.541397","126.960492","1","2019-12-12"
"용산구","(원효로1가 17-139 주택 전주 옆)","방범","37.541407","126.965747","1","2019-12-12"
"용산구","(효창동 5-52 명성부동산 앞)","방범","37.541430","126.962147","3","2019-12-12"
"용산구","(용산동2가 43-7 서전빌라)","방범","37.541452","126.986045","1","2019-12-12"
"용산구","(용산동2가 43-7 서진빌라)","방범","37.541452","126.986045","2","2019-12-12"
"용산구","(신흥로3나길 5)","방범","37.541519","126.985306","1","2019-12-12"
"용산구","(용산동2가 43-1 삼성빌 앞) (예전자치9-28)","방범","37.541519","126.985306","1","2019-12-12"
"용산구","(한강로2가 2-292 용산초교 담장뒤쪽 골목(예전 자치9-28))","방범","37.541519","126.985306","1","2019-12-12"
"용산구","(효창동 5-642 예빌리지 앞)","방범","37.541546","126.958531","1","2019-12-12"
"용산구","(원효로1가 1-1 아세아항공전문학교 앞)","방범","37.541568","126.970145","1","2019-12-12"
"용산구","(신흥로11길 7(용산동2가 37) 스페인대사관 올라가는 골목 입구)","방범","37.541578","127.004389","2","2019-12-12"
"용산구","(한남대로36길 13 스페인대사관 올라가는 골목)","방범","37.541578","127.004389","1","2019-12-12"
"용산구","(신흥로3가길 34 진성슈퍼 옆)","방범","37.541649","126.984838","1","2019-12-12"
"용산구","(신흥로5길 14)","방범","37.541711","126.986471","1","2019-12-12"
"용산구","(이태원동 258-486 빌라 뒤)","방범","37.541713","126.993126","1","2019-12-12"
"용산구","(효창동 5-44 보람빌리지 앞)","방범","37.541755","126.9639","3","2019-12-12"
"용산구","(원효로1가 1-1 아세아항공전문학교 앞)","방범","37.541861","126.969176","4","2019-12-12"
"용산구","(갈월동 95-2 남영역 굴다리 양방향)","방범","37.541877","126.971398","2","2019-12-12"
"용산구","(한강대로92길 14(갈월동 14-72) 골목길)","방범","37.541877","126.971398","1","2019-12-12"
"용산구","(이태원동 260-54 남산체육관 뒤)","방범","37.541910","126.991757","3","2019-12-12"
"용산구","(남영역 롯데마켓 앞)","방범","37.541926","126.971866","2","2019-12-12"
"용산구","(효창동 5-158 효창아트빌 2차 APT 맞은 편)","방범","37.541995","126.961233","1","2019-12-12"
"용산구","(효창동 5-158 효창아트빌 2차 APT 맞은편)","방범","37.541995","126.961233","2","2019-12-12"
"용산구","(이태원동 258-61 계단 아래)","방범","37.542141","126.993671","3","2019-12-12"
"용산구","(소월로40길 10 (이태원동 260-220))","방범","37.542236","126.990613","1","2019-12-12"
"용산구","(이태원동 260-220 (소월로40길 10))","방범","37.542236","126.990613","1","2019-12-12"
"용산구","(이태원동 258-245 빌라 뒤)","방범","37.542249","126.993012","1","2019-12-12"
"용산구","(용산동2가 39-10 새마을금고 용암지점 맞은 편)","방범","37.542316","126.986683","1","2019-12-12"
"용산구","(용산동2가 39-10 새마을금고 용암지점 맞은편)","방범","37.542316","126.986683","3","2019-12-12"
"용산구","(효창동 5-22 (효창원로72길 26))","방범","37.542376","126.963398","1","2019-12-12"
"용산구","(효창원로72길 26 (효창동 5-22))","방범","37.542376","126.963398","1","2019-12-12"
"용산구","(효창동 132-114 건재상 앞)","방범","37.542478","126.964679","1","2019-12-12"
"용산구","(용산동2가 35-6 계단 옆)","방범","37.542527","126.985651","4","2019-12-12"
"용산구","(한강대로84길 11(남영동 35-2))","방범","37.542584","126.973595","2","2019-12-12"
"용산구","(용산동2가 5-1657 보성여고 정문 옆 골목)","방범","37.542601","126.983925","2","2019-12-12"
"용산구","(한남동 792-3 할리데이비슨 위편 주택가)","방범","37.542613","127.002327","3","2019-12-12"
"용산구","(효창동 5-150 원효사 앞)","방범","37.542649","126.958871","1","2019-12-12"
"용산구","(청파동3가 121-40 미문교회 입구)","방범","37.542652","126.969411","1","2019-12-12"
"용산구","(임정로11길 9)","방범","37.542843","126.958506","4","2019-12-12"
"용산구","(용산동 47-3 거주자우선주차구역 앞)","방범","37.542863","126.987875","1","2019-12-12"
"용산구","(효창원로76길 9)","방범","37.54293","126.962859","3","2019-12-12"
"용산구","(소월로38가길 21 (이태원동 261-10))","방범","37.542998","126.990374","1","2019-12-12"
"용산구","(소월로38가길 21(이태원동 261-10))","방범","37.542998","126.990374","1","2019-12-12"
"용산구","(청파동3가 118-78 빌라건물등 주변)","방범","37.543028","126.967554","1","2019-12-12"
"용산구","(효창원로76길 24-3 (효창동 2-23))","방범","37.543106","126.963633","2","2019-12-12"
"용산구","(효창원로76길 24-3(효창동 2-23))","방범","37.543106","126.963633","1","2019-12-12"
"용산구","(용산동2가 35-28 충남슈퍼 맞은편)","방범","37.543111","126.986018","4","2019-12-12"
"용산구","(신흥로11길 7(용산동2가 37) 이레쉐르빌 앞 삼거리)","방범","37.54325","126.98715","3","2019-12-12"
"용산구","(용산동2가 29-9)","방범","37.54325","126.98715","1","2019-12-12"
"용산구","(청파동3가 118-365 주택담장 뒤 전신주)","방범","37.543255","126.967072","1","2019-12-12"
"용산구","(청파동3가 121-15 주택 앞)","방범","37.543395","126.968569","2","2019-12-12"
"용산구","(청파동2가 132-44 천주교 청파동성당 앞)","방범","37.543536","126.965028","3","2019-12-12"
"용산구","(용산동2가 5-1101 해방촌성당 앞 삼거리)","방범","37.543537","126.984153","1","2019-12-12"
"용산구","(청파동3가 105-4 구.청파2동사무소 앞)","방범","37.543569","126.969763","3","2019-12-12"
"용산구","(청파동3가 121-15 주택 앞)","방범","37.543677","126.968592","1","2019-12-12"
"용산구","(용산동2가 31-2 출입문 옆 (해방교회 아래쪽))","방범","37.543709","126.985611","1","2019-12-12"
"용산구","(청파동3가 118-48 델포이빌딩 옆)","방범","37.543831","126.966403","1","2019-12-12"
"용산구","(청파동3가 118-48 델포이빌딩 앞)","방범","37.543831","126.966403","2","2019-12-12"
"용산구","(신흥로25길 18-4 코너)","방범","37.543893","126.983544","3","2019-12-12"
"용산구","(청파동3가 118-176 동네미니슈퍼 앞)","방범","37.543928","126.967815","3","2019-12-12"
"용산구","(용산동2가 5-1186 보성여고 인근 골목 코너)","방범","37.543971","126.983742","1","2019-12-12"
"용산구","(용산동2가 1-1357)","방범","37.544047","126.98186","1","2019-12-12"
"용산구","(용산동2가 24-20 황제빌라 옆)","방범","37.54405","126.987427","1","2019-12-12"
"용산구","(청파로43길 71)","방범","37.544098","126.966581","1","2019-12-12"
"용산구","(청파로71가길 29)","방범","37.544098","126.966581","3","2019-12-12"
"용산구","(청파동3가 10-3 청파치안센터 옆)","방범","37.544115","126.970877","3","2019-12-12"
"용산구","(갈월동 69-116 굴다리)","방범","37.544128","126.971074","1","2019-12-12"
"용산구","(용산동2가 31-2 코너)","방범","37.544158","126.985789","1","2019-12-12"
"용산구","(용산동2가 5-1807 3호터널 옆 담)","방범","37.544196","126.988176","3","2019-12-12"
"용산구","(한남동 726-358 성아슈퍼 앞 사거리)","방범","37.544280","127.002848","1","2019-12-12"
"용산구","(용산동2가 10-16 주택 앞)","방범","37.544372","126.981414","2","2019-12-12"
"용산구","(용산동2가 31 해방교회 앞)","방범","37.544411","126.984806","3","2019-12-12"
"용산구","(한강대로84길 11)","방범","37.544485","126.973023","2","2019-12-12"
"용산구","(용산동2가 20-17 주택 코너 삼거리)","방범","37.544733","126.985976","3","2019-12-12"
"용산구","(용산동2가 23-1 나무있는 집 대문 옆)","방범","37.54476","126.986953","1","2019-12-12"
"용산구","(청파동3가 111-71 대운부동산 앞)","방범","37.544795","126.966919","1","2019-12-12"
"용산구","(청파동2가 120-64 갈월동 지하차도)","방범","37.544963","126.970825","4","2019-12-12"
"용산구","(용산동2가 1-715)","방범","37.545054","126.982312","5","2019-12-12"
"용산구","(용산동2가 1-1599 신흥교회 뒤쪽 거주자주차구역)","방범","37.545089","126.983028","1","2019-12-12"
"용산구","(용산동2가 5-171 남산교회 옆 골목)","방범","37.545126","126.98725","1","2019-12-12"
"용산구","(청파동2가 36-4 청파어린이집 앞)","방범","37.545284","126.969188","2","2019-12-12"
"용산구","(용산동2가 5-212 주택가)","방범","37.545335","126.987351","1","2019-12-12"
"용산구","(용산동2가 5-1457 용암초교 후문 앞)","방범","37.545365","126.988824","1","2019-12-12"
"용산구","(구.자치9-16 숙대창업관 뒤)","방범","37.545376","126.965527","1","2019-12-12"
"용산구","(숙명여대창업관 뒤 (예전자치9-16))","방범","37.545376","126.965527","2","2019-12-12"
"용산구","(용산2가동 1-1485 해오름빌 정문 앞)","방범","37.545403","126.984098","1","2019-12-12"
"용산구","(용산2가동 1-1485 해오름빌 정문 앞)","방범","37.545403","126.984098","1","2019-12-12"
"용산구","(용산동2가 1-414 대지부동산 뒷골목)","방범","37.545456","126.981995","1","2019-12-12"
"용산구","(용산동2가 12-448 대지부동산 골목)","방범","37.545456","126.981995","1","2019-12-12"
"용산구","(갈월동 56-2 일심빌딩 뒷골목 코너 으뜸부동산 옆)","방범","37.545517","126.973386","1","2019-12-12"
"용산구","(갈월동 59-14 으뜸부동산 옆)","방범","37.545517","126.973386","2","2019-12-12"
"용산구","(신흥로32길 4-3 앞)","방범","37.545574","126.981977","2","2019-12-12"
"용산구","(용산동2가 5-1927 중앙빌라 앞)","방범","37.545709","126.9884","3","2019-12-12"
"용산구","(신흥로34길 5-2)","방범","37.545722","126.982063","2","2019-12-12"
"용산구","(용산동2가 1-1652 삼거리)","방범","37.545778","126.983146","2","2019-12-12"
"용산구","(용산동2가 11-17 소월길 출입계단 앞)","방범","37.545802","126.986338","1","2019-12-12"
"용산구","(용산동2가 11-6 소월길 출입계단 앞)","방범","37.545802","126.986338","1","2019-12-12"
"용산구","(청파동2가 33-18 골목길)","방범","37.545816","126.969356","1","2019-12-12"
"용산구","(용산동2가 1-645 담벼락 옆)","방범","37.545863","126.984362","3","2019-12-12"
"용산구","(갈월동34-13 주차장 앞)","방범","37.546158","126.973208","1","2019-12-12"
"용산구","(한강대로84길 11(남영동))","방범","37.546158","126.973208","4","2019-12-12"
"용산구","(한강대로84길 14 미성회관 옆 사거리)","방범","37.546158","126.973208","1","2019-12-12"
"용산구","(한강대로92길 19(갈월동 34-16) 골목길)","방범","37.546158","126.973208","2","2019-12-12"
"용산구","(용산동2가 1-338 108계단 위쪽)","방범","37.546158","126.982562","2","2019-12-12"
"용산구","(신흥로20길 18(용산동2가 1-458) 이발소 옆 삼거리)","방범","37.546208","126.984765","2","2019-12-12"
"용산구","(용산동2가 1-1695 대박부동산 코너)","방범","37.546208","126.984765","1","2019-12-12"
"용산구","(용산동2가 1-1419 108계단 아래쪽)","방범","37.546363","126.981912","3","2019-12-12"
"용산구","(신흥로36가길 1-2)","방범","37.546412","126.982198","3","2019-12-12"
"용산구","(청파동2가 1-146 숙대후문 옆 횡단보도)","방범","37.546422","126.963403","4","2019-12-12"
"용산구","(신흥로36가길 11 (후암동 409-136))","방범","37.546446","126.982697","2","2019-12-12"
"용산구","(후암동 167-2 거주자우선주차지역)","방범","37.54645","126.975146","3","2019-12-12"
"용산구","(청파동2가 8-3 골목길 계단 앞)","방범","37.546464","126.967109","3","2019-12-12"
"용산구","(효창원로86길 68)","방범","37.546489","126.966834","1","2019-12-12"
"용산구","(신흥로20길 22)","방범","37.546521","126.984582","1","2019-12-12"
"용산구","(효창동 3-288 효원빌라 맞은편)","방범","37.546683","126.962338","3","2019-12-12"
"용산구","(청파동2가 10-33 휴타임가게 옆)","방범","37.546935","126.967868","3","2019-12-12"
"용산구","(갈월동 7-69 아로마빌리지 옆)","방범","37.546974","126.973542","1","2019-12-12"
"용산구","(갈월동 7-72 아로마빌리지 옆)","방범","37.546974","126.973542","1","2019-12-12"
"용산구","(후암동 254-14 주택 앞)","방범","37.547011","126.979533","1","2019-12-12"
"용산구","(후암동 410-26 고지대 난간 옆 전주)","방범","37.547139","126.982841","1","2019-12-12"
"용산구","(청파동2가 1-180 비상소화장치옆)","방범","37.547182","126.966132","1","2019-12-12"
"용산구","(후암동 404-61 옆 인도)","방범","37.547245","126.981821","3","2019-12-12"
"용산구","(효창동 5-140 효창베네스아파트 입구)","방범","37.547327","126.962281","2","2019-12-12"
"용산구","(청파동2가 1-79 숙대기숙사 옆)","방범","37.547347","126.964973","1","2019-12-12"
"용산구","(갈월동 7-15 아크로빌 앞)","방범","37.547353","126.973786","1","2019-12-12"
"용산구","(갈월동 7-91 아크로빌 앞)","방범","37.547353","126.973786","1","2019-12-12"
"용산구","(청파동1가 97-13 한마음빌라 옆)","방범","37.547393","126.966869","2","2019-12-12"
"용산구","(후암동 160-1 후암어린이집 코너)","방범","37.547592","126.975769","3","2019-12-12"
"용산구","(청파로47나길 68 공중전화기 옆)","방범","37.547628","126.968638","2","2019-12-12"
"용산구","(갈월동 8-9 공중전화기 옆)","방범","37.547633","126.972506","1","2019-12-12"
"용산구","(청파로47나길 68 공중전화기 옆)","방범","37.547819","126.968206","2","2019-12-12"
"용산구","(후암동 283-5)","방범","37.5479","126.980263","3","2019-12-12"
"용산구","(청파동1가 97-13 한마음빌라 옆)","방범","37.547978","126.966981","3","2019-12-12"
"용산구","(후암동 142-103 후암빌라 옆)","방범","37.548053","126.974861","3","2019-12-12"
"용산구","(후암동 143-53 주택 삼거리)","방범","37.548212","126.973678","2","2019-12-12"
"용산구","(후암동 406-109 남산중앙교회 맞은편)","방범","37.54824","126.983918","1","2019-12-12"
"용산구","(청파동2가 1-42 명성부동산 맞은 편)","방범","37.548336","126.963375","1","2019-12-12"
"용산구","(청파동2가 1-42 명성부동산 맞은편)","방범","37.548336","126.963375","2","2019-12-12"
"용산구","(후암동 400-104 새말경로당 앞)","방범","37.548477","126.983027","1","2019-12-12"
"용산구","(후암동 400-39 세말경로당 인근)","방범","37.548477","126.983027","1","2019-12-12"
"용산구","(후암동 244-99 화인힐빌라 코너)","방범","37.548482","126.979252","1","2019-12-12"
"용산구","(청파동1가 121-3 천리교분회 정문 앞)","방범","37.548511","126.968368","1","2019-12-12"
"용산구","(후암로4길 70)","방범","37.548529","126.980906","1","2019-12-12"
"용산구","(후암로4길 65)","방범","37.548542","126.980752","1","2019-12-12"
"용산구","(청파동1가 180-6 청파동 쌍굴다리)","방범","37.548593","126.970799","6","2019-12-12"
"용산구","(후암로28길 86)","방범","37.548628","126.981924","1","2019-12-12"
"용산구","(효창원로94다길 11)","방범","37.548631","126.964469","2","2019-12-12"
"용산구","(청파로71나길 22)","방범","37.548632","126.967682","1","2019-12-12"
"용산구","(후암동 368 영락보린원 뒷골목)","방범","37.54886","126.981524","1","2019-12-12"
"용산구","(갈월동 6-11 대동슈퍼 앞)","방범","37.548898","126.973057","2","2019-12-12"
"용산구","(갈월동 6-11 대로에서 들어오는 길)","방범","37.548898","126.973057","1","2019-12-12"
"용산구","(갈월동 6-11 대로에서 들어오는길)","방범","37.548898","126.973057","1","2019-12-12"
"용산구","(효창원로98길 26)","방범","37.549016","126.964721","2","2019-12-12"
"용산구","(청파로 330-22)","방범","37.549056","126.970533","1","2019-12-12"
"용산구","(후암동 116-21  소비자유통 앞)","방범","37.549136","126.976056","1","2019-12-12"
"용산구","(후암동 302-1 신주에지앙 뒤쪽 담벼락)","방범","37.549177","126.98027","3","2019-12-12"
"용산구","(청파동 6-4 영동슈퍼 앞 삼거리)","방범","37.549179","126.966211","1","2019-12-12"
"용산구","(청파로71다길 2(청파동1가 3-99) 영동슈퍼 앞 삼거리)","방범","37.549179","126.966211","2","2019-12-12"
"용산구","(갈월동 6-11 대동슈퍼 앞)","방범","37.549208","126.973222","1","2019-12-12"
"용산구","(후암동 123-16 삼인리치하우스 앞)","방범","37.549328","126.974868","3","2019-12-12"
"용산구","(청파로71길 23 (청파동1가 58-18))","방범","37.549401","126.969194","2","2019-12-12"
"용산구","(청파동1가 58-15 강북부동산 앞)","방범","37.549442","126.967703","3","2019-12-12"
"용산구","(청파동1가 3-152 청파이발관 앞 삼거리)","방범","37.549464","126.964239","2","2019-12-12"
"용산구","(후암로15길 41 코너 삼거리)","방범","37.549503","126.976895","2","2019-12-12"
"용산구","(청파로71길 23 (청파동1가 58-18))","방범","37.549509","126.968454","2","2019-12-12"
"용산구","(후암동 358-63 출입문 코너)","방범","37.5496","126.982527","1","2019-12-12"
"용산구","(동자동 21-6 계단 밑)","방범","37.549732","126.974801","2","2019-12-12"
"용산구","(동자동 21-6 후암서부제일아파트 뒤 외골목)","방범","37.549732","126.974801","1","2019-12-12"
"용산구","(청파동1가 1-18 희림빌라 옆)","방범","37.549734","126.967343","4","2019-12-12"
"용산구","(후암동 55-12 미플러스빌 옆 전주)","방범","37.549802","126.979413","1","2019-12-12"
"용산구","(후암동 56-38 후암로28길 11 대문 옆)","방범","37.549923","126.978087","1","2019-12-12"
"용산구","(후암동 336-41 대림하이츠타운 앞)","방범","37.550038","126.981518","1","2019-12-12"
"용산구","(한강대로104길 67)","방범","37.550095","126.976036","3","2019-12-12"
"용산구","(한강대로104다길 9)","방범","37.550203","126.974886","1","2019-12-12"
"용산구","(서계동 252-11 만리중앙교회 앞)","방범","37.550374","126.965806","3","2019-12-12"
"용산구","(후암동 60-27 노바펠리스 앞)","방범","37.550424","126.97849","2","2019-12-12"
"용산구","(동자동 19-118 남영빌딩)","방범","37.550432","126.974874","2","2019-12-12"
"용산구","(서계동 252-11 만리중앙교회 앞)","방범","37.550438","126.965046","2","2019-12-12"
"용산구","(후암동 102-59 한아름마트 맞은 편)","방범","37.550548","126.976096","1","2019-12-12"
"용산구","(청파동1가 1-121 가음빌라 아래 골목)","방범","37.550606","126.966888","1","2019-12-12"
"용산구","(서계동 259-2 서계1 경로당 앞)","방범","37.550724","126.964097","1","2019-12-12"
"용산구","(후암동 44-56 세탁소 앞(동원사))","방범","37.550851","126.979817","1","2019-12-12"
"용산구","(후암동 59-26 세탁소 맞은편)","방범","37.550851","126.979817","1","2019-12-12"
"용산구","(효창원로104나길 9)","방범","37.551009","126.964655","2","2019-12-12"
"용산구","(청파동1가 1-55 동진빌라 가동 입구)","방범","37.551028","126.966384","1","2019-12-12"
"용산구","(후암동 25-1 우체국 뒤)","방범","37.551059","126.977431","1","2019-12-12"
"용산구","(한강대로104마길 27)","방범","37.551106","126.974777","1","2019-12-12"
"용산구","(동자동 35-142)","방범","37.55116","126.974037","2","2019-12-12"
"용산구","(동자동 35-142 미니마트 앞)","방범","37.55116","126.974037","1","2019-12-12"
"용산구","(청파로77가길 4)","방범","37.551407","126.968343","2","2019-12-12"
"용산구","(청파로77가길 4)","방범","37.551421","126.968606","4","2019-12-12"
"용산구","(서계동 251-6 우진슈퍼 윗쪽 삼거리)","방범","37.551451","126.965266","1","2019-12-12"
"용산구","(효창원로104나길 29(서계동 246-17) 우진슈퍼 윗쪽 삼거리)","방범","37.551451","126.965266","2","2019-12-12"
"용산구","(서계동 33-265 청파중앙교회 옆)","방범","37.551526","126.967572","3","2019-12-12"
"용산구","(후암동 30-93 이지스빌 앞)","방범","37.551584","126.978868","4","2019-12-12"
"용산구","(동자동 19-87 계단 위)","방범","37.551717","126.97475","1","2019-12-12"
"용산구","(후암동 7-4 거주자우선주차구역 옆)","방범","37.551744","126.977212","1","2019-12-12"
"용산구","(후암동 8 거주자우선)","방범","37.551744","126.977212","1","2019-12-12"
"용산구","(만리재로24길 16 (서계동 245-11))","방범","37.551762","126.964301","1","2019-12-12"
"용산구","(만리재로24길 16(서계동 245-11))","방범","37.551762","126.964301","1","2019-12-12"
"용산구","(청파로77길 35 앞)","방범","37.551788","126.968305","3","2019-12-12"
"용산구","(서계동 33-37 (청파로73길 92))","방범","37.551985","126.965993","2","2019-12-12"
"용산구","(청파로83길 23)","방범","37.552009","126.967846","1","2019-12-12"
"용산구","(청파로73길 92 (서계동 33-37))","방범","37.552036","126.966024","1","2019-12-12"
"용산구","(청파로83길 21 (서계동 95-4))","방범","37.552077","126.968014","1","2019-12-12"
"용산구","(청파로83길 21(서계동 95-4))","방범","37.552077","126.968014","1","2019-12-12"
"용산구","(후암동 95-3  부동산 앞 미주아파트 입구)","방범","37.552154","126.976705","1","2019-12-12"
"용산구","(서계동 33-109 올라가는 골목 길)","방범","37.552319","126.967327","2","2019-12-12"
"용산구","(서계동 33-77 골목 내 삼거리)","방범","37.552319","126.967327","1","2019-12-12"
"용산구","(후암로49길 26-2)","방범","37.552381","126.975066","1","2019-12-12"
"용산구","(동자동 7-29 삼익빌라 앞)","방범","37.552464","126.975289","1","2019-12-12"
"용산구","(동자동 7-29 삼익빌라 앞)","방범","37.552464","126.975289","2","2019-12-12"
"용산구","(후암동 1-59 후암제일교회 앞)","방범","37.552467","126.976783","3","2019-12-12"
"용산구","(서계동 238-15 야후공인중계사 앞)","방범","37.552489","126.965569","1","2019-12-12"
"용산구","(후암로44길 24 (후암동 1-27))","방범","37.552529","126.977923","3","2019-12-12"
"용산구","(후암로57길 17-9 해뜨는집 건너편)","방범","37.552597","126.974481","1","2019-12-12"
"용산구","(서계동 242-20 보현의집 옆 공간)","방범","37.552613","126.964203","1","2019-12-12"
"용산구","(동자동 17-3 새꿈공원 앞)","방범","37.552619","126.973947","3","2019-12-12"
"용산구","(서계동 238-15 야후공인중계사 앞)","방범","37.552644","126.965806","1","2019-12-12"
"용산구","(청파로85가길 2 앞 삼거리)","방범","37.552647","126.968176","1","2019-12-12"
"용산구","(서계동 45-2 국립극단 뒷골목)","방범","37.552681","126.967905","2","2019-12-12"
"용산구","(후암로57길 17-32)","방범","37.552727","126.975051","1","2019-12-12"
"용산구","(동자동 9-1 쪽방지역 내 덕성장 앞)","방범","37.552892","126.975189","3","2019-12-12"
"용산구","(서계동 234-16 제일빌딩 옆)","방범","37.553177","126.966308","1","2019-12-12"
"용산구","(후암동 448-29 오페라하우스 9차 앞 도로)","방범","37.553241","126.978719","1","2019-12-12"
"용산구","(서계동 226-3 청파어린이공원 입구)","방범","37.553445","126.968574","3","2019-12-12"
"용산구","(후암동 448-158 맞은편 담벼락 혜심원 주변)","방범","37.553732","126.977711","1","2019-12-12"
"용산구","(청파로93길 16 (서계동 223-32))","방범","37.554319","126.968102","2","2019-12-12"
"용산구","(청파로93길 16(서계동 223-32))","방범","37.554319","126.968102","1","2019-12-12"
"용산구","(이촌동 301-170 동작대교 하부 (반도APT 출입구))","불법주정차","37.516931","126.982931","1","2019-12-12"
"용산구","(이촌동 301-170 동작대교 하부 반도APT 출입구)","불법주정차","37.516931","126.982931","2","2019-12-12"
"용산구","(서빙고동 241-96 온누리교회 앞)","불법주정차","37.517889","126.985426","3","2019-12-12"
"용산구","(이촌로 303 현대아파트 21동 한국약국 앞)","불법주정차","37.517893","126.981237","3","2019-12-12"
"용산구","(이촌동 301-195 강촌아파트 103동 앞)","불법주정차","37.518554","126.978256","3","2019-12-12"
"용산구","(이촌동 300-301 삼익상가 앞)","불법주정차","37.518948","126.976753","1","2019-12-12"
"용산구","(이촌동 300-301 삼익상가 앞)","불법주정차","37.518948","126.976753","2","2019-12-12"
"용산구","(이촌동 301-75 신용산초교 정문 앞)","불법주정차","37.519538","126.975148","3","2019-12-12"
"용산구","(이촌동 302-44 LG한강자이)","불법주정차","37.520174","126.970278","3","2019-12-12"
"용산구","(이촌동 302-64 동부센트레빌)","불법주정차","37.520483","126.967266","3","2019-12-12"
"용산구","(이촌동 193-3 동아그린아파트 입구)","불법주정차","37.524014","126.959120","4","2019-12-12"
"용산구","(용산동5가 24 파크타워)","불법주정차","37.524026","126.972056","3","2019-12-12"
"용산구","(한강로3가 65-8 용산공고 뒷길)","불법주정차","37.524391","126.965728","3","2019-12-12"
"용산구","(한강로3가 40-571 삼각백빈 건널목 주변)","불법주정차","37.524631","126.959985","3","2019-12-12"
"용산구","(한강로3가 40-571 여천식당 옆)","불법주정차","37.524631","126.959985","1","2019-12-12"
"용산구","(한강로3가 63-389 용산시티파크 102동 103동 사이 미니스탑 앞)","불법주정차","37.525441","126.968768","1","2019-12-12"
"용산구","(한강로3가 63-389 용산시티파크 102동 앞)","불법주정차","37.525441","126.968768","2","2019-12-12"
"용산구","(보광동 80-3 보광동 종점)","불법주정차","37.526119","127.001009","5","2019-12-12"
"용산구","(보광동 274-1 폴리텍대학 삼거리)","불법주정차","37.530321","126.996686","4","2019-12-12"
"용산구","(한남동 621-1 롯데슈퍼 앞)","불법주정차","37.531864","127.005659","1","2019-12-12"
"용산구","(한강로3가 40-969 터미널전자상가)","불법주정차","37.532230","126.962355","3","2019-12-12"
"용산구","(이태원1동 140-2 보광초교 입구)","불법주정차","37.533006","126.995634","3","2019-12-12"
"용산구","(이태원1동 130-42 해롯앤틱갤러리)","불법주정차","37.533336","126.994232","1","2019-12-12"
"용산구","(이태원1동 130-42 해롯앤틱갤러리)","불법주정차","37.533336","126.994232","2","2019-12-12"
"용산구","(한남동 657-58 순천향대 병원)","불법주정차","37.533444","127.004094","1","2019-12-12"
"용산구","(한남동 657-58 순천향대병원)","불법주정차","37.533444","127.004094","3","2019-12-12"
"용산구","(한남동 662-3 대로변 라오스대사관저 앞)","불법주정차","37.533669","127.001456","2","2019-12-12"
"용산구","(한남동 662-3 라오스대사관저 앞 대로변)","불법주정차","37.533669","127.001456","1","2019-12-12"
"용산구","(신계동 40-1 전자상가 4공영주차장)","불법주정차","37.533718","126.961646","4","2019-12-12"
"용산구","(신계동 40-1 전자상가4 공영주차장)","불법주정차","37.533718","126.961646","1","2019-12-12"
"용산구","(한남동 263-10 성아맨숀아파트 앞)","불법주정차","37.534000","127.008590","3","2019-12-12"
"용산구","(원효로3가 179-1 한일카피어 맞은편)","불법주정차","37.534107","126.956053","3","2019-12-12"
"용산구","(이태원동 56-13 이태원 입구)","불법주정차","37.534265","126.989808","3","2019-12-12"
"용산구","(이태원1동 172-2 이태원 커피 스미스)","불법주정차","37.534353","126.991190","3","2019-12-12"
"용산구","(이태원1동 119-11 이태원 노스비치)","불법주정차","37.534457","126.993040","3","2019-12-12"
"용산구","(이태원1동 127-5 파리양복점)","불법주정차","37.534464","126.994921","3","2019-12-12"
"용산구","(한남동 28-2 유엔빌리지입구 건너편)","불법주정차","37.534584","127.010225","1","2019-12-12"
"용산구","(한남동 705-3 한남대로 SK주유소 앞)","불법주정차","37.534943","127.006232","3","2019-12-12"
"용산구","(이태원2동 406 수영장입구 앞)","불법주정차","37.534986","126.987274","2","2019-12-12"
"용산구","(이태원동 613 이태원초교 정문)","불법주정차","37.534986","126.987274","1","2019-12-12"
"용산구","(한남동 683-142 우리은행 건너편)","불법주정차","37.536235","127.000009","2","2019-12-12"
"용산구","(한남동 683-142 한남동 우리은행 건너편)","불법주정차","37.536235","127.000009","1","2019-12-12"
"용산구","(문배동 8-5 단박돈까스 앞)","불법주정차","37.538171","126.970968","3","2019-12-12"
"용산구","(이태원2동 226-3 회나무로 중간(녹지정))","불법주정차","37.539700","126.991614","1","2019-12-12"
"용산구","(이태원2동 226-3 회나무로중간(녹지정))","불법주정차","37.539700","126.991614","2","2019-12-12"
"용산구","(이태원동 278-13 이태원지구대 자율방범대 앞)","불법주정차","37.540558","126.989557","4","2019-12-12"
"용산구","(용산구2가 46-3 수호빌라 앞)","불법주정차","37.540608","126.986889","2","2019-12-12"
"용산구","(용산동2가 46-3 수호빌라 앞)","불법주정차","37.540608","126.986889","1","2019-12-12"
"용산구","(용산구2가 45-5 새마을금고 앞)","불법주정차","37.541873","126.987364","3","2019-12-12"
"용산구","(용산동2가 45-5 새마을금고 건너편)","불법주정차","37.541873","126.987364","1","2019-12-12"
"용산구","(갈월동 87-5 숙대입구역)","불법주정차","37.543905","126.97212","3","2019-12-12"
"용산구","(청파동2가 87-3 데뷰 맞은편)","불법주정차","37.544768","126.968805","3","2019-12-12"
"용산구","(용산동2가 11-13 용산동2가 주민센터)","불법주정차","37.545803","126.985434","1","2019-12-12"
"용산구","(용산동2가 11-13 주민센터)","불법주정차","37.545803","126.985434","5","2019-12-12"
"용산구","(후암동 418-13)","불법주정차","37.546857","126.981302","3","2019-12-12"
"용산구","(두텁바위로 129)","불법주정차","37.550026","126.981522","1","2019-12-12"
"용산구","(후암동 336-11 대림하이츠타운 앞)","불법주정차","37.550026","126.981522","4","2019-12-12"
"용산구","(후암동 105-3 후암시장)","불법주정차","37.550207","126.977245","5","2019-12-12"
"용산구","(이촌1동 300-326 중경고 진입부 삼거리)","어린이안전","37.518384","126.976778","1","2019-12-12"
"용산구","(이촌동 301-37 파리크라상 앞)","어린이안전","37.519644","126.974833","1","2019-12-12"
"용산구","(이촌1동 413-2 한가람유치원 전면)","어린이안전","37.519689","126.980590","1","2019-12-12"
"용산구","(이촌1동 413-2 한강교회 정문)","어린이안전","37.519689","126.980590","1","2019-12-12"
"용산구","(이촌동 402 원유치원 앞)","어린이안전","37.519811","126.976675","1","2019-12-12"
"용산구","(이촌동 우체국앞)","어린이안전","37.520218","126.975047","2","2019-12-12"
"용산구","(이촌1동 302-90 장미맨션 앞 보도)","어린이안전","37.520455","126.967397","1","2019-12-12"
"용산구","(이촌1동 301-27 신용산초교 용강중 사이 길)","어린이안전","37.520839","126.975395","1","2019-12-12"
"용산구","(서빙고동 235-1 서빙고초교 정문 앞 보도)","어린이안전","37.521020","126.990826","1","2019-12-12"
"용산구","(서빙고동 235-1 서빙고초교 정문앞 보도)","어린이안전","37.521020","126.990826","1","2019-12-12"
"용산구","(서빙고동 4-26 서빙고초교 후문 앞)","어린이안전","37.521781","126.992854","1","2019-12-12"
"용산구","(서빙고동 4-18 서빙고초교)","어린이안전","37.522433","126.992489","2","2019-12-12"
"용산구","(동빙고동 254-4 동빙고어린이집)","어린이안전","37.523103","126.995077","2","2019-12-12"
"용산구","(동빙고동 7-8 동빙고어린이집 앞)","어린이안전","37.523433","126.994075","1","2019-12-12"
"용산구","(한강로3가 89 쌍용스윗닷홈 앞 삼거리)","어린이안전","37.523893","126.964046","1","2019-12-12"
"용산구","(한강로3가 65-217 한강초교 정문 앞)","어린이안전","37.525517","126.965056","1","2019-12-12"
"용산구","(보광동12가길 인근 보광어린이집 아래쪽)","어린이안전","37.527722","127.001070","2","2019-12-12"
"용산구","(보광동 253-44 성심유치원 진입부)","어린이안전","37.528428","126.999634","1","2019-12-12"
"용산구","(보광동 260-40 성심유치원 진입부)","어린이안전","37.528486","127.000070","2","2019-12-12"
"용산구","(보광동 265-244)","어린이안전","37.531434","126.997049","3","2019-12-12"
"용산구","(이태원1동 20-17 대화여관 앞)","어린이안전","37.531469","126.996524","1","2019-12-12"
"용산구","(이태원동 15-22 보광초교)","어린이안전","37.531777","126.996164","2","2019-12-12"
"용산구","(이태원1동 18-8 보광초교 정문 옆 보도)","어린이안전","37.532220","126.996022","1","2019-12-12"
"용산구","(한강로2가 1 국립맹학교 앞 보도)","어린이안전","37.534311","126.971950","1","2019-12-12"
"용산구","(산천동 193 일민유치원 정문 앞)","어린이안전","37.534342","126.949364","1","2019-12-12"
"용산구","(이태원동 455-52 편의점 맞은편)","어린이안전","37.534342","126.988881","3","2019-12-12"
"용산구","(대사관로7길 5 (한남동 684-85) 한남어린이집 앞)","어린이안전","37.534579","127.000708","1","2019-12-12"
"용산구","(대사관로7길 5 한남어린이집 앞)","어린이안전","37.534579","127.000708","2","2019-12-12"
"용산구","(청파로 139-25 남정초교)","어린이안전","37.534861","126.966606","2","2019-12-12"
"용산구","(신계동 18-18 남정초 일방통행시점부)","어린이안전","37.534907","126.964533","1","2019-12-12"
"용산구","(한강로1가 286 삼각지역 6번 출구 앞 보도)","어린이안전","37.534912","126.972948","1","2019-12-12"
"용산구","(이태원2동 406 수영장입구 앞)","어린이안전","37.535013","126.987254","1","2019-12-12"
"용산구","(이태원2동 450-2 그린마트 앞)","어린이안전","37.535049","126.988219","1","2019-12-12"
"용산구","(원효로58길 17 (원효로2가 57-13) 남정초교 앞)","어린이안전","37.535433","126.963379","1","2019-12-12"
"용산구","(원효로58길 17 남정초교 앞)","어린이안전","37.535433","126.963379","1","2019-12-12"
"용산구","(원효로58길 17 남정초등학교 앞)","어린이안전","37.535433","126.963379","1","2019-12-12"
"용산구","(산천동 198 원효초교 아래)","어린이안전","37.535562","126.952753","2","2019-12-12"
"용산구","(한강로동 57-12 용산초교)","어린이안전","37.535694","126.972814","2","2019-12-12"
"용산구","(산천동 6-73 한강타운 정문 좌측)","어린이안전","37.535718","126.951448","1","2019-12-12"
"용산구","(산천동 1-1 계성유치원 정문 앞)","어린이안전","37.535813","126.953249","1","2019-12-12"
"용산구","(이태원2동 431-2 수영장 뒷편)","어린이안전","37.535928","126.987604","1","2019-12-12"
"용산구","(원효로2가 23-24 에이데이터코리아 앞)","어린이안전","37.535934","126.96415","1","2019-12-12"
"용산구","(산천동 산4-2 정문 진입로)","어린이안전","37.536122","126.950982","1","2019-12-12"
"용산구","(산천동 6-79 원효초교 윗길)","어린이안전","37.536384","126.951481","3","2019-12-12"
"용산구","(용문동 38-69)","어린이안전","37.536508","126.956431","1","2019-12-12"
"용산구","(원효로2가 27-2 원효로 남정초 진입부)","어린이안전","37.536558","126.96382","1","2019-12-12"
"용산구","(이태원동 411 이태원초교)","어린이안전","37.536773","126.987614","4","2019-12-12"
"용산구","(용문동 38-191)","어린이안전","37.536802","126.958271","1","2019-12-12"
"용산구","(용문동 38-38)","어린이안전","37.536848","126.956686","1","2019-12-12"
"용산구","(용문동 38-57)","어린이안전","37.536852","126.957599","1","2019-12-12"
"용산구","(한남동 4-28 독일인학교 진입부)","어린이안전","37.537052","127.012392","1","2019-12-12"
"용산구","(용문동 12-1)","어린이안전","37.537080","126.961935","1","2019-12-12"
"용산구","(녹사평대로46가길 6)","어린이안전","37.537096","126.988043","1","2019-12-12"
"용산구","(원효로2가 3-2 남정초 후문 진입부)","어린이안전","37.537156","126.965664","1","2019-12-12"
"용산구","(용문동 38-175)","어린이안전","37.537157","126.958531","1","2019-12-12"
"용산구","(도원동 23 삼성래미안 후문 앞)","어린이안전","37.537218","126.953718","1","2019-12-12"
"용산구","(용문동 38-76)","어린이안전","37.537226","126.956812","1","2019-12-12"
"용산구","(용문동 38-186)","어린이안전","37.537229","126.957389","1","2019-12-12"
"용산구","(이태원2동 341-18 다래이용원 옆)","어린이안전","37.537237","126.987724","1","2019-12-12"
"용산구","(용문동 38-148)","어린이안전","37.537480","126.958695","1","2019-12-12"
"용산구","(용문동 38-97)","어린이안전","37.537491","126.957533","1","2019-12-12"
"용산구","(용문동 38-13)","어린이안전","37.537677","126.957047","1","2019-12-12"
"용산구","(용문동 38-143(북) 뒤쪽 차고 앞 코너)","어린이안전","37.537748","126.95881","1","2019-12-12"
"용산구","(용문동 38-6 맞은편 코너)","어린이안전","37.537941","126.958901","1","2019-12-12"
"용산구","(한남동 722-11 둥지부동산 앞)","어린이안전","37.538165","127.004623","1","2019-12-12"
"용산구","(용문동 38-244)","어린이안전","37.538181","126.956971","1","2019-12-12"
"용산구","(용문동 38-233)","어린이안전","37.538274","126.957856","1","2019-12-12"
"용산구","(한남동 723-5 한남초교)","어린이안전","37.538344","127.005908","3","2019-12-12"
"용산구","(용문동 38-10)","어린이안전","37.538517","126.957632","1","2019-12-12"
"용산구","(도원동 4-2 도원유치원 정문 앞)","어린이안전","37.538974","126.957915","1","2019-12-12"
"용산구","(한남동 산 10-214 용산국제학교 정문 앞)","어린이안전","37.539934","127.001700","1","2019-12-12"
"용산구","(효창동 5-104 일진빌딩 앞)","어린이안전","37.540127","126.962123","1","2019-12-12"
"용산구","(효창동 126-4 금양초교 정문 앞 보도)","어린이안전","37.540128","126.961653","1","2019-12-12"
"용산구","(이태원2동 253-7 유성유치원 정문 앞)","어린이안전","37.540807","126.990599","2","2019-12-12"
"용산구","(이태원동 249-17 부동산 옆 전주)","어린이안전","37.540903","126.991631","2","2019-12-12"
"용산구","(용산동2가 47-16 주택 앞)","어린이안전","37.540905","126.987311","1","2019-12-12"
"용산구","(회나무로13가길 28)","어린이안전","37.540935","126.991065","1","2019-12-12"
"용산구","(용산동2가 46-7 GS25 용산고바우점 맞은편)","어린이안전","37.541005","126.987052","1","2019-12-12"
"용산구","(회나무로13가길 37-6)","어린이안전","37.541184","126.991706","2","2019-12-12"
"용산구","(효창동 5-65 금양초교)","어린이안전","37.541276","126.962747","4","2019-12-12"
"용산구","(이태원동 260-119)","어린이안전","37.541329","126.991032","3","2019-12-12"
"용산구","(용산동2가 45-6 한국달리다굼선교회 앞)","어린이안전","37.541821","126.987502","1","2019-12-12"
"용산구","(청파동 86-5 신광초교 뒷길)","어린이안전","37.542401","126.969951","1","2019-12-12"
"용산구","(청파동 86-5 신광초등학교 뒷길)","어린이안전","37.542401","126.969951","1","2019-12-12"
"용산구","(한남동 794-8 맞은편)","어린이안전","37.542543","127.002886","1","2019-12-12"
"용산구","(한남동 788-7 맞은편)","어린이안전","37.542961","127.003436","1","2019-12-12"
"용산구","(한남동 789-6 사거리)","어린이안전","37.543064","127.002903","1","2019-12-12"
"용산구","(한남동 791-9 맞은편)","어린이안전","37.543100","127.002242","1","2019-12-12"
"용산구","(용산2가동 26-7 반포로 지하보도 앞)","어린이안전","37.543317","126.988084","1","2019-12-12"
"용산구","(청파동3가 61-2 신광길(청파로 연결지점) 시점부)","어린이안전","37.543426","126.970622","1","2019-12-12"
"용산구","(신흥로14길 6)","어린이안전","37.543495","126.987635","1","2019-12-12"
"용산구","(한남동 791-4 맞은편)","어린이안전","37.543508","127.002683","1","2019-12-12"
"용산구","(청파동3가 107-78 GS25 맞은편)","어린이안전","37.543525","126.969129","1","2019-12-12"
"용산구","(청파동3가 107-78 신광초교 뒤쪽)","어린이안전","37.543525","126.969129","1","2019-12-12"
"용산구","(용산동2가 5-1519 뒷편 어린이보호표지판 위)","어린이안전","37.543681","126.989059","1","2019-12-12"
"용산구","(신흥로14길 6)","어린이안전","37.543712","126.987809","1","2019-12-12"
"용산구","(한남동 726-343(동))","어린이안전","37.544134","127.003779","1","2019-12-12"
"용산구","(한남동 726-347(서) 앞 사거리)","어린이안전","37.544208","127.003468","1","2019-12-12"
"용산구","(한남동 726-380)","어린이안전","37.544355","127.002474","1","2019-12-12"
"용산구","(한남동 726-542 맑은숲어린이집 뒷길)","어린이안전","37.544791","127.003396","2","2019-12-12"
"용산구","(한남동 726-332 건너편 삼거리)","어린이안전","37.544824","127.003282","1","2019-12-12"
"용산구","(용산2가동 5-249 3호터널 상부)","어린이안전","37.545023","126.988315","1","2019-12-12"
"용산구","(용산2가동 5-487 남산교회 앞 삼거리)","어린이안전","37.545047","126.987753","1","2019-12-12"
"용산구","(용산동2가 15-18 빨래방 코너)","어린이안전","37.54523","126.986319","1","2019-12-12"
"용산구","(한남동 726-402 건너편 삼거리)","어린이안전","37.545261","127.003005","1","2019-12-12"
"용산구","(용산2가동 5-1451 용암초교)","어린이안전","37.545581","126.988727","4","2019-12-12"
"용산구","(두텁바위로13길 8 삼광초교)","어린이안전","37.546108","126.976788","3","2019-12-12"
"용산구","(청파동2가 1-157 숙명여대 기숙사 앞 삼거리)","어린이안전","37.546405","126.965822","1","2019-12-12"
"용산구","(후암동 195-1 타워빌 주차장 앞(삼광초교))","어린이안전","37.546459","126.977914","1","2019-12-12"
"용산구","(후암동 삼광초등학교 골목길)","어린이안전","37.546459","126.977914","1","2019-12-12"
"용산구","(후암동 192-9 주택 앞)","어린이안전","37.546613","126.977112","1","2019-12-12"
"용산구","(청파동2가 1-42 청파초교 정문 앞 보도)","어린이안전","37.547337","126.963462","1","2019-12-12"
"용산구","(후암동 238-11 삼광초교 후문 앞)","어린이안전","37.54757","126.977481","1","2019-12-12"
"용산구","(청파동1가 89-122 청파초교 후문 신일마트 앞)","어린이안전","37.548293","126.965853","1","2019-12-12"
"용산구","(청파동 1가 89-122 청파초교 후문 신일마트 앞)","어린이안전","37.548296","126.965121","1","2019-12-12"
"용산구","(청파동1가 89-122 청파초교 후문 신일마트 앞)","어린이안전","37.548355","126.965838","1","2019-12-12"
"용산구","(후암동 239-1 새나라어린이공원 앞)","어린이안전","37.548388","126.97635","1","2019-12-12"
"용산구","(후암동 239-1 새나라어린이공원 앞)","어린이안전","37.548462","126.976483","1","2019-12-12"
"용산구","(후암동 358-13 주택 앞)","어린이안전","37.54959","126.98311","1","2019-12-12"
"용산구","(후암동 339-23 후암초교 후문 앞)","어린이안전","37.550412","126.982464","1","2019-12-12"
"용산구","(서계동 109 보윤유치원 진입부)","어린이안전","37.550483","126.967674","1","2019-12-12"
"용산구","(후암동 337-3 후암초교)","어린이안전","37.550546","126.980887","2","2019-12-12"
"용산구","(후암동 두텁바위로 140 후암초교 정문)","어린이안전","37.551595","126.98119","1","2019-12-12"
"용산구","(후암동 두텁바위로 140 후암초등학교 정문)","어린이안전","37.551595","126.98119","1","2019-12-12"
"용산구","(후암동 30-90 용산도서관 앞)","어린이안전","37.551696","126.980109","1","2019-12-12"
"용산구","(동빙고동 56-1)","미세먼지","37.522714","126.995862","1","2019-12-12"
"용산구","(후암동 30-22 복자유치원)","어린이안전","37.552309","126.978312","2","2019-12-12"
"용산구","(보광동 9-23)","미세먼지","37.528089","127.000957","1","2019-12-12"
"용산구","(한남동 736-5)","미세먼지","37.534481","126.999332","1","2019-12-12"